,imdb_id,title,rating,ratingcount,certificate,genres,gross_ww,gross_domestic,budget,Aged_30_44_rat,Aged_30_44_totrat,US_users_rat,US_users_totrat,Females_rat,Females_totrat,Aged_45plus_rat,Aged_45plus_totrat,Aged_18_29_rat,Aged_18_29_totrat,Males_rat,Males_totrat,Aged_under_18_rat,Aged_under_18_totrat,Non_US_users_rat,Non_US_users_totrat
0,tt3521164,Moana,7.6,342022,PG,"['Animation', 'Adventure', 'Comedy', 'Family', 'Fantasy', 'Musical']",665069139,248757044,150000000.0,7.5,116862,7.8,94562,7.9,60819,7.5,25999,7.7,52361,7.5,152508,7.6,403,7.5,234962
1,tt2294629,Frozen,7.4,631125,PG,"['Animation', 'Adventure', 'Comedy', 'Family', 'Fantasy', 'Musical']",1284540518,400953009,150000000,7.4,242810,7.5,147514,7.9,143388,7.3,53602,7.6,108598,7.3,295729,7.2,453,7.4,401653
2,tt0034862,Holiday Inn,7.3,16155,Passed,"['Comedy', 'Drama', 'Music', 'Musical', 'Romance']",,,3200000.0,7.1,4733,7.5,9859,7.6,3946,7.5,5887,7.2,830,7.2,7915,8.0,1,7.1,4870
3,tt0099785,Home Alone,7.7,597264,PG,"['Comedy', 'Family']",476684675,285761243,18000000,7.7,242125,7.8,157596,7.8,86210,7.2,56454,7.7,75022,7.6,307555,7.9,543,7.6,392256
4,tt0077631,Grease,7.2,281652,PG,"['Comedy', 'Musical', 'Romance']",396271103,190071103,6000000,7.1,107566,7.4,83535,7.7,74237,7.4,46910,7.2,32114,7.0,120198,6.7,107,7.2,169025
5,tt1259571,The Twilight Saga: New Moon,4.7,287859,PG-13,"['Adventure', 'Drama', 'Fantasy', 'Romance']",711025481,297816253,50000000,4.6,149660,4.8,66551,5.6,89572,4.9,27055,4.8,42796,4.3,137046,4.9,87,4.7,192445
6,tt0119282,Hercules,7.3,235880,G,"['Animation', 'Adventure', 'Comedy', 'Family', 'Fantasy', 'Musical', 'Romance']",252712101,99112101,85000000,7.2,102079,7.3,67843,7.6,51713,6.8,15641,7.6,39839,7.2,114119,7.3,144,7.3,147552
7,tt0103639,Aladdin,8.0,426253,G,"['Animation', 'Adventure', 'Comedy', 'Family', 'Fantasy', 'Musical', 'Romance']",504050219,217350219,28000000,8.1,190935,8.2,124456,8.2,82137,7.7,38631,8.0,54393,8.0,215885,7.9,272,7.9,260036
8,tt1324999,The Twilight Saga: Breaking Dawn - Part 1,4.9,243669,PG-13,"['Adventure', 'Drama', 'Fantasy', 'Romance', 'Thriller']",712205856,281287133,110000000,4.7,115942,5.1,52297,5.9,84715,4.9,23108,5.0,43030,4.3,104652,4.7,81,4.8,155931
9,tt3783958,La La Land,8.0,597829,PG-13,"['Comedy', 'Drama', 'Music', 'Musical', 'Romance']",472000520,151101803,30000000,7.9,190368,8.1,130471,7.8,99735,7.5,47931,8.4,101819,8.0,271127,8.4,372,8.0,435069
10,tt2771200,Beauty and the Beast,7.1,313852,PG,"['Adventure', 'Family', 'Fantasy', 'Musical', 'Romance']",1266115964,504481165,160000000,7.0,111533,7.2,84147,7.6,76591,7.1,24932,7.1,47794,6.9,125451,6.6,252,7.0,214697
11,tt0816692,Interstellar,8.6,1852405,PG-13,"['Adventure', 'Drama', 'Sci-Fi']",773867216,188020017,165000000,8.6,604439,8.5,345436,8.4,184248,8.1,142499,8.9,272499,8.6,936837,9.0,1133,8.7,1288312
12,tt0780521,The Princess and the Frog,7.1,149338,G,"['Animation', 'Adventure', 'Comedy', 'Family', 'Fantasy', 'Musical', 'Romance']",267045765,104400899,105000000,7.1,66182,7.3,44937,7.4,44736,7.0,12940,7.3,22604,7.0,61173,7.7,158,7.1,93242
13,tt0317219,Cars,7.2,428735,G,"['Animation', 'Adventure', 'Comedy', 'Family', 'Sport']",461991867,244082982,120000000,7.1,164837,7.2,109983,7.2,56663,7.3,43698,7.2,68281,7.2,235564,7.6,438,7.2,281346
14,tt3470600,Sing,7.1,174297,PG,"['Animation', 'Comedy', 'Family', 'Musical']",634338384,270578425,75000000,7.1,58309,7.1,47786,7.3,33682,7.2,17725,7.1,23519,7.1,75375,7.0,239,7.1,119944
15,tt0113118,Friday,7.2,116292,R,"['Comedy', 'Drama']",28215918,27467564,3500000,7.2,55509,7.6,48801,7.3,9610,7.1,13691,7.2,12016,7.2,75496,7.2,39,7.0,55644
16,tt2980516,The Theory of Everything,7.7,456877,PG-13,"['Biography', 'Drama', 'Romance']",123726688,35893537,15000000,7.6,179814,7.6,75751,7.9,88732,7.5,40315,7.9,78857,7.6,231285,7.7,159,7.7,347193
17,tt0120855,Tarzan,7.3,230568,G,"['Animation', 'Adventure', 'Comedy', 'Drama', 'Family', 'Music']",448191819,171091819,130000000,7.1,93057,7.3,63947,7.5,46688,7.0,17897,7.7,42313,7.2,114537,7.2,147,7.3,144877
18,tt0338348,The Polar Express,6.6,219435,G,"['Animation', 'Adventure', 'Comedy', 'Family', 'Fantasy', 'Musical']",316897787,189528738,165000000,6.5,80431,6.7,67852,6.8,38560,6.7,27185,6.7,33805,6.5,110383,7.0,194,6.6,134345
19,tt0190590,"O Brother, Where Art Thou?",7.7,316328,PG-13,"['Adventure', 'Comedy', 'Crime', 'Music']",71870729,45512588,26000000.0,7.6,143927,8.0,98784,7.7,34346,7.7,58579,7.7,25427,7.7,200885,7.7,53,7.5,182160
20,tt4465564,Fifty Shades Darker,4.6,104637,R,"['Drama', 'Romance', 'Thriller']",381545846,114581250,55000000,4.4,36250,4.7,20838,5.3,31585,4.5,8436,4.6,18670,4.1,38105,3.8,55,4.5,77091
21,tt2224026,Home,6.6,104442,PG,"['Animation', 'Adventure', 'Comedy', 'Family', 'Fantasy', 'Sci-Fi']",386041607,177397510,135000000,6.5,41345,6.5,24453,7.1,23403,6.4,10967,6.7,15806,6.4,49906,6.4,138,6.5,70311
22,tt5726616,Call Me by Your Name,7.8,279599,R,"['Drama', 'Romance']",43143046,18095701,4000000.0,7.7,81689,7.9,54981,8.1,57105,7.3,21689,8.1,49773,7.6,107108,8.0,262,7.8,217703
23,tt0083564,Annie,6.6,46649,PG,"['Comedy', 'Drama', 'Family', 'Musical']",57063861,57059003,50000000.0,6.5,17064,6.7,21629,7.2,14860,6.5,11280,6.5,4219,6.2,19077,6.6,21,6.4,19763
24,tt1049413,Up,8.3,1051591,PG,"['Animation', 'Adventure', 'Comedy', 'Drama', 'Family']",735099102,293004164,175000000,8.3,437212,8.4,235934,8.4,172170,8.1,92984,8.3,154222,8.2,556759,8.5,658,8.2,692416
25,tt1126591,Burlesque,6.4,87566,PG-13,"['Drama', 'Music', 'Musical', 'Romance']",89520336,39440655,55000000,6.2,39852,6.5,21491,6.7,38322,6.2,11759,6.8,13715,6.1,29614,5.8,14,6.3,56994
26,tt0092890,Dirty Dancing,7.0,237271,PG-13,"['Drama', 'Music', 'Romance']",214577242,64577242,6000000,6.9,97191,7.2,63830,7.7,79177,6.9,40296,7.2,23626,6.6,88848,6.8,78,7.0,150468
27,tt0955308,Robin Hood,6.6,272573,PG-13,"['Action', 'Adventure', 'Drama', 'History']",321669741,105269730,200000000,6.6,149267,6.6,52401,6.8,29316,6.6,39876,6.7,24864,6.6,192174,6.9,23,6.6,198470
28,tt2948356,Zootopia,8.0,505382,PG,"['Animation', 'Adventure', 'Comedy', 'Crime', 'Family', 'Mystery']",1025521689,341268248,150000000.0,7.9,177181,8.0,119085,8.2,76128,7.8,35369,8.2,82203,7.9,247170,8.0,502,8.0,353022
29,tt3469046,Despicable Me 3,6.2,139087,PG,"['Animation', 'Adventure', 'Comedy', 'Crime', 'Family', 'Sci-Fi']",1034800131,264624300,80000000,6.2,47088,6.2,31423,6.5,19452,6.3,13589,6.2,19637,6.2,68301,5.9,272,6.2,104484
30,tt0266543,Finding Nemo,8.2,1050877,G,"['Animation', 'Adventure', 'Comedy', 'Family']",941637960,380843261,94000000,8.1,430369,8.3,245067,8.4,177609,8.1,102526,8.3,152471,8.1,550544,8.1,561,8.1,670011
31,tt0120737,The Lord of the Rings: The Fellowship of the Ring,8.8,1886663,PG-13,"['Action', 'Adventure', 'Drama', 'Fantasy']",898204420,316115420,93000000,8.8,762719,8.9,410830,8.8,233416,8.7,217112,9.0,220230,8.8,1042047,8.9,676,8.8,1196999
32,tt0325980,Pirates of the Caribbean: The Curse of the Black Pearl,8.1,1135222,PG-13,"['Action', 'Adventure', 'Fantasy']",654264015,305413918,140000000,8.0,497611,8.1,254937,8.2,171743,7.7,115666,8.2,152525,8.0,636411,8.3,473,8.0,725247
33,tt0085549,Flashdance,6.2,55399,R,"['Drama', 'Music', 'Romance']",92921203,92921203,7500000.0,6.1,20009,6.2,15079,6.4,15075,6.2,16772,6.2,3444,6.1,26595,6.1,15,6.2,34873
34,tt1690953,Despicable Me 2,7.3,404941,PG,"['Animation', 'Adventure', 'Comedy', 'Crime', 'Family', 'Sci-Fi']",970766005,368065385,76000000,7.3,168182,7.2,82079,7.6,74720,7.3,36368,7.4,64199,7.2,217573,7.0,339,7.3,273589
35,tt0382932,Ratatouille,8.1,746443,G,"['Animation', 'Adventure', 'Comedy', 'Family', 'Fantasy']",623726085,206445654,150000000,8.0,318551,8.1,175605,8.1,123000,7.9,71345,8.2,106276,8.0,398768,8.5,545,8.0,502217
36,tt2788732,Pete's Dragon,6.7,59354,PG,"['Action', 'Adventure', 'Comedy', 'Drama', 'Family', 'Fantasy']",143695338,76233151,65000000,6.6,24932,6.8,16169,6.9,9403,6.7,9230,6.8,6614,6.6,34399,6.6,49,6.6,40891
37,tt2262227,The Book of Life,7.2,73146,PG,"['Animation', 'Adventure', 'Comedy', 'Family', 'Fantasy', 'Musical', 'Romance']",99783556,50151543,50000000,7.2,31213,7.2,19024,7.4,16943,7.1,8477,7.4,10220,7.1,36608,7.8,67,7.2,48050
38,tt2582802,Whiplash,8.5,874358,R,"['Drama', 'Music']",49396747,13092000,3300000,8.4,299908,8.7,169486,8.3,102575,8.1,65713,8.8,143958,8.5,449410,9.1,518,8.4,634159
39,tt1204342,The Muppets,7.1,93727,PG,"['Adventure', 'Comedy', 'Family', 'Musical']",165184237,88631237,45000000,7.1,48149,7.4,34217,7.1,16726,7.0,16029,7.2,9839,7.1,59971,7.5,43,6.9,52008
40,tt2180411,Into the Woods,5.9,143098,PG,"['Adventure', 'Comedy', 'Drama', 'Fantasy', 'Musical']",212902372,128002372,50000000,5.8,58117,6.3,41395,6.1,43932,5.8,18165,6.2,22537,5.8,62068,6.1,58,5.8,88429
41,tt0417741,Harry Potter and the Half-Blood Prince,7.6,552602,PG,"['Action', 'Adventure', 'Family', 'Fantasy', 'Mystery']",934504700,302334374,250000000,7.4,227204,7.7,123644,8.0,97897,7.3,43618,7.8,95251,7.4,286947,7.8,413,7.5,386249
42,tt0087182,Dune,6.3,163784,PG-13,"['Action', 'Adventure', 'Sci-Fi']",30979816,30925690,40000000,6.2,63205,6.3,46174,6.3,13314,6.6,44042,5.6,7191,6.3,105278,5.9,41,6.2,100011
43,tt1170358,The Hobbit: The Desolation of Smaug,7.8,670167,PG-13,['Fantasy'],959027992,258387334,225000000.0,7.8,282858,7.8,123817,8.0,86008,7.6,63746,8.0,103378,7.7,399744,8.0,226,7.8,468492
44,tt2245084,Big Hero 6,7.8,467368,PG,"['Animation', 'Action', 'Adventure', 'Comedy', 'Family', 'Sci-Fi']",657869686,222527828,165000000,7.7,177152,7.9,107343,8.1,75295,7.6,37431,8.0,77377,7.7,241784,7.7,415,7.7,318856
45,tt2096673,Inside Out,8.2,721222,PG,"['Animation', 'Adventure', 'Comedy', 'Drama', 'Family', 'Fantasy']",858848019,356921711,175000000,8.2,251554,8.2,154940,8.2,113003,7.9,52763,8.3,116359,8.1,345297,7.9,653,8.1,505651
46,tt1673434,The Twilight Saga: Breaking Dawn - Part 2,5.5,251979,PG-13,"['Adventure', 'Drama', 'Fantasy', 'Romance']",848853382,292324737,120000000,5.3,105892,5.8,52366,6.3,82363,5.6,22607,5.6,45898,5.1,104445,5.7,80,5.4,156425
47,tt3416532,A Monster Calls,7.4,89733,PG-13,"['Adventure', 'Drama', 'Family', 'Fantasy', 'Thriller']",47309313,28167834,43000000.0,7.4,36475,7.5,15439,7.6,12365,7.3,12817,7.7,11593,7.4,52896,7.6,34,7.4,71651
48,tt2140373,Saving Mr. Banks,7.5,164166,PG-13,"['Biography', 'Comedy', 'Drama']",117867984,83301580,35000000,7.4,74402,7.6,44727,7.7,36878,7.5,26995,7.6,18992,7.4,90777,7.9,26,7.4,107710
49,tt1951264,The Hunger Games: Catching Fire,7.5,671242,PG-13,"['Action', 'Adventure', 'Sci-Fi', 'Thriller']",865011746,424668047,130000000,7.4,273189,7.7,145985,8.0,130783,7.2,61894,7.8,112834,7.3,354797,7.7,251,7.4,438708
50,tt0070155,The Harder They Come,6.9,6576,R,"['Crime', 'Drama', 'Music']",13711,13711,,6.9,2726,7.0,2444,7.0,488,6.8,1997,6.9,319,6.8,4651,,,6.8,3486
51,tt0457939,The Holiday,6.9,297723,PG-13,"['Comedy', 'Romance']",205850169,63224849,85000000,6.9,139719,7.0,63854,7.3,100774,6.9,36609,7.0,32734,6.7,116465,6.7,61,6.9,209298
52,tt0055614,West Side Story,7.6,115680,Approved,"['Crime', 'Drama', 'Musical', 'Romance']",44132334,44055492,6000000,7.4,42137,7.8,47278,7.6,24616,7.8,26824,7.5,10628,7.5,57821,7.4,58,7.4,55603
53,tt0963194,Repo! The Genetic Opera,6.4,25456,R,"['Horror', 'Musical', 'Sci-Fi']",188126,146750,8500000.0,6.5,15235,6.4,11427,7.3,6797,5.9,3514,6.7,2018,6.1,14360,8.5,4,6.3,11387
54,tt0903624,The Hobbit: An Unexpected Journey,7.8,834679,PG-13,['Fantasy'],1017030651,303030651,180000000.0,7.8,370089,7.7,155375,8.1,116651,7.6,83286,7.9,122272,7.8,502151,7.9,247,7.8,567532
55,tt1483013,Oblivion,7.0,531396,PG-13,"['Action', 'Adventure', 'Sci-Fi']",286168572,89107235,120000000,7.0,243887,7.0,103803,6.8,49467,7.0,76804,7.0,58002,7.0,357159,7.0,75,7.0,376949
56,tt0087332,Ghostbusters,7.8,420430,PG,"['Action', 'Comedy', 'Fantasy', 'Sci-Fi']",296578797,243578797,30000000,7.8,181581,8.1,132419,7.6,48141,7.8,71268,7.5,34385,7.8,252569,7.9,189,7.6,246111
57,tt0446029,Scott Pilgrim vs. the World,7.5,432395,PG-13,"['Action', 'Comedy', 'Fantasy', 'Romance']",49421974,33281690,60000000,7.5,204682,7.8,117858,7.4,56837,7.2,38405,7.7,61967,7.5,261981,7.7,186,7.4,281406
58,tt0112573,Braveheart,8.4,1043579,R,"['Biography', 'Drama', 'History', 'War']",213216216,75609945,72000000,8.4,473918,8.5,241236,8.1,111358,8.2,150002,8.3,87169,8.4,639577,8.0,188,8.3,649248
59,tt0319343,Elf,7.1,284459,PG,"['Adventure', 'Comedy', 'Family', 'Fantasy', 'Romance']",227356156,178053220,33000000,6.9,109124,7.5,129306,7.2,49386,7.1,38777,7.0,32058,6.9,140535,7.2,220,6.7,133304
60,tt0198781,"Monsters, Inc.",8.1,916257,G,"['Animation', 'Adventure', 'Comedy', 'Family', 'Fantasy']",579707738,290642256,115000000,8.0,359003,8.2,218686,8.3,146959,8.0,90621,8.3,137299,8.0,477757,8.2,582,8.0,581360
61,tt0314331,Love Actually,7.6,499972,R,"['Comedy', 'Drama', 'Romance']",247933248,63499523,40000000,7.6,226939,7.7,108935,7.9,135379,7.7,70434,7.4,50747,7.5,226695,7.0,122,7.5,344101
62,tt1355630,If I Stay,6.7,124645,PG-13,"['Drama', 'Fantasy', 'Music', 'Romance', 'Sci-Fi']",78274843,50474843,11000000,6.6,43341,6.7,23440,7.0,43212,6.5,9372,6.9,28624,6.5,44305,6.6,25,6.7,86332
63,tt0427327,Hairspray,6.7,132689,PG,"['Comedy', 'Drama', 'Musical', 'Romance']",203627753,118946291,75000000.0,6.7,61556,7.0,43518,6.9,47978,6.8,18096,6.7,18021,6.6,52856,5.8,38,6.6,75829
64,tt0398286,Tangled,7.7,459928,PG,"['Animation', 'Adventure', 'Comedy', 'Family', 'Fantasy', 'Musical', 'Romance']",592462816,200821936,260000000,7.7,192657,7.8,108992,8.1,116965,7.6,37050,7.8,76415,7.6,207006,7.7,390,7.7,304494
65,tt0109506,The Crow,7.5,187502,R,"['Action', 'Crime', 'Drama', 'Fantasy', 'Horror', 'Thriller']",50694671,50693129,23000000.0,7.5,93580,7.7,52458,7.8,22999,7.4,33209,7.5,11427,7.5,119592,7.1,26,7.4,112908
66,tt1071358,Another Cinderella Story,5.7,29663,PG,"['Comedy', 'Family', 'Music', 'Romance']",,,5000000.0,5.4,9840,5.9,7516,5.9,15127,5.3,1328,5.9,8337,5.2,5465,6.8,8,5.6,18014
67,tt0167261,The Lord of the Rings: The Two Towers,8.8,1677068,PG-13,"['Action', 'Adventure', 'Drama', 'Fantasy']",947944270,342952511,94000000,8.7,690210,8.8,361792,8.7,204939,8.6,186238,8.9,198493,8.8,938792,8.8,597,8.8,1075513
68,tt0298148,Shrek 2,7.3,471135,PG,"['Animation', 'Adventure', 'Comedy', 'Family', 'Fantasy', 'Romance']",928760770,441226247,150000000,7.2,200613,7.3,110210,7.4,75848,7.2,48907,7.5,68380,7.2,256536,7.9,299,7.3,313968
69,tt0079588,The Muppet Movie,7.6,36969,G,"['Adventure', 'Comedy', 'Family', 'Musical']",65810475,65810475,19000000,7.5,13501,7.9,19504,7.8,4966,7.5,10299,7.7,2191,7.5,21840,7.9,29,7.2,12449
70,tt0080455,The Blues Brothers,7.9,203187,13+,"['Action', 'Adventure', 'Comedy', 'Crime', 'Music', 'Musical']",115229890,57229890,27500000.0,7.8,79593,8.0,60358,7.8,18952,8.0,48325,7.8,14949,7.9,129172,7.6,43,7.8,116763
71,tt2674426,Me Before You,7.4,259327,PG-13,"['Drama', 'Romance']",208314186,56245075,20000000,7.2,80426,7.4,43314,7.6,71638,7.3,18027,7.5,45684,7.2,85884,7.4,157,7.3,200984
72,tt2911666,John Wick,7.4,642435,R,"['Action', 'Crime', 'Thriller']",86081711,43037835,20000000,7.2,238840,7.7,144932,7.3,53025,7.1,66686,7.6,86135,7.3,372669,7.8,387,7.3,463174
73,tt1099212,Twilight,5.3,466683,PG-13,"['Drama', 'Fantasy', 'Romance']",408430415,193962473,37000000,5.1,234789,5.2,113520,6.0,143541,5.5,43671,5.2,67334,5.0,214226,5.5,167,5.3,302150
74,tt0306841,The Lizzie McGuire Movie,5.5,40324,PG,"['Adventure', 'Comedy', 'Family', 'Music', 'Romance']",55534455,42734455,17000000,5.2,17979,5.7,13353,5.9,16717,5.0,3275,5.9,7919,5.0,13353,8.5,4,5.4,22469
75,tt0396555,Meet the Robinsons,6.8,102858,G,"['Animation', 'Adventure', 'Comedy', 'Family', 'Music', 'Musical', 'Sci-Fi']",169333034,97822171,150000000.0,6.8,40679,7.0,35113,7.3,19714,6.7,11064,6.8,17948,6.7,53162,7.2,151,6.7,58800
76,tt0770828,Man of Steel,7.1,776953,PG-13,"['Action', 'Adventure', 'Sci-Fi']",668045518,291045518,225000000,7.0,324502,7.2,181309,7.0,74646,7.0,81611,7.1,105420,7.1,484937,6.9,324,7.0,496218
77,tt0468569,The Dark Knight,9.0,2670038,PG-13,"['Action', 'Crime', 'Drama', 'Thriller']",1006234167,534987076,185000000,9.0,1088251,9.1,628158,8.7,268313,8.4,217403,9.3,338739,9.0,1496167,9.2,1425,9.0,1669645
78,tt0848228,The Avengers,8.0,1398335,PG-13,"['Action', 'Sci-Fi']",1520538536,623357910,220000000,8.0,571835,8.3,316229,8.2,177230,7.9,126176,8.1,212268,8.0,805950,8.1,715,7.9,869961
79,tt0080716,Fame,6.6,23415,R,"['Drama', 'Music', 'Musical']",21202829,21202829,,6.5,7289,6.8,7233,6.8,5737,6.7,9036,6.6,1052,6.5,12043,8.0,3,6.5,13430
80,tt4550098,Nocturnal Animals,7.5,284189,R,"['Drama', 'Thriller']",30311857,10663357,22500000.0,7.4,111550,7.4,57161,7.4,42196,7.2,30028,7.8,41994,7.5,154563,7.7,66,7.5,219103
81,tt2091256,Captain Underpants: The First Epic Movie,6.2,29459,PG,"['Animation', 'Action', 'Adventure', 'Comedy', 'Family', 'Sci-Fi']",125427681,73921000,38000000,6.1,10214,6.4,9999,6.1,2822,6.1,3581,6.4,4143,6.2,16753,6.6,99,6.1,18689
82,tt2488496,Star Wars: The Force Awakens,7.8,936563,PG-13,"['Action', 'Adventure', 'Sci-Fi']",2071310218,936662225,245000000,7.8,333010,8.0,229979,8.1,86754,7.8,105528,7.9,125275,7.8,531275,7.1,463,7.7,606322
83,tt4559006,Ae Dil Hai Mushkil,5.8,23954,Not Rated,"['Drama', 'Music', 'Musical', 'Romance']",31668920,22527361,,5.5,7115,5.7,3882,6.1,2035,5.7,573,6.2,4466,5.7,11751,6.6,14,5.8,17139
84,tt0093058,Full Metal Jacket,8.3,748165,R,"['Drama', 'War']",46358827,46357676,30000000,8.3,319648,8.3,188730,8.1,52694,8.3,109589,8.3,74669,8.3,476826,8.4,211,8.2,468842
85,tt0441773,Kung Fu Panda,7.6,477627,PG,"['Animation', 'Action', 'Adventure', 'Comedy', 'Family', 'Fantasy']",632083197,215771591,130000000,7.6,210630,7.6,103138,7.5,65993,7.4,41244,7.6,70548,7.6,272806,8.0,372,7.6,333357
86,tt1345836,The Dark Knight Rises,8.4,1715283,PG-13,"['Action', 'Drama']",1081169825,448149584,250000000,8.4,698613,8.4,363188,8.4,170384,7.9,136812,8.6,247096,8.4,1003254,8.3,715,8.4,1088666
87,tt0347304,Kal Ho Naa Ho,7.9,70783,Not Rated,"['Comedy', 'Drama', 'Musical', 'Romance']",13200241,7130617,,7.7,28827,7.9,8702,7.9,6560,6.9,5295,8.3,11876,7.8,42956,8.3,17,7.9,50459
88,tt0383574,Pirates of the Caribbean: Dead Man's Chest,7.3,726042,PG-13,"['Action', 'Adventure', 'Fantasy']",1066179747,423315812,225000000,7.3,335571,7.2,163897,7.6,112226,7.0,70369,7.6,101428,7.3,419990,7.8,301,7.4,483970
89,tt0167260,The Lord of the Rings: The Return of the King,9.0,1857243,PG-13,"['Action', 'Adventure', 'Drama', 'Fantasy']",1146457748,378251207,94000000,8.9,769487,9.0,400677,8.9,221675,8.7,200239,9.2,219497,9.0,1044930,9.2,665,9.0,1185670
90,tt0248126,Kabhi Khushi Kabhie Gham,7.4,51179,Not Rated,"['Drama', 'Musical', 'Romance']",11334547,3221591,7500000,7.1,21190,7.4,7145,7.8,6416,7.0,2841,7.8,8548,7.2,28685,8.0,21,7.4,36544
91,tt0093378,La Bamba,6.9,34451,PG-13,"['Biography', 'Drama', 'Music']",54215416,54215416,6500000.0,6.9,12773,7.1,15266,7.1,5861,6.8,11206,7.1,1320,6.9,20333,7.4,7,6.7,15782
92,tt2172071,Student of the Year,5.2,18676,Not Rated,"['Comedy', 'Drama', 'Music', 'Romance', 'Sport']",10113993,8776712,,5.0,6117,5.3,2478,5.6,1724,5.0,438,5.6,4012,5.2,9801,4.3,13,5.2,13221
93,tt1252596,Ajab Prem Ki Ghazab Kahani,6.4,15250,Not Rated,"['Action', 'Comedy', 'Romance']",12425098,11685515,50000000,6.1,5987,6.4,2081,6.1,1091,5.9,377,6.7,2997,6.3,9021,7.7,7,6.4,11380
94,tt0317705,The Incredibles,8.0,745552,PG,"['Animation', 'Action', 'Adventure', 'Family']",631607053,261441092,92000000,7.9,307524,8.4,200124,7.9,106131,8.1,82154,8.2,105940,8.0,415009,8.2,511,7.9,472116
95,tt0032138,The Wizard of Oz,8.1,404397,PG,"['Adventure', 'Family', 'Fantasy', 'Musical']",25637669,24668669,2777000,8.0,165358,8.4,158203,8.2,77340,8.4,74481,7.9,40425,8.0,215300,8.0,159,7.8,188419
96,tt0093437,The Lost Boys,7.2,147329,R,"['Comedy', 'Horror']",32504921,32315444,8500000.0,7.1,60257,7.5,58278,7.6,24767,7.3,35671,7.2,8023,7.1,83364,7.6,31,7.1,74066
97,tt1336608,Rock of Ages,5.9,79393,PG-13,"['Comedy', 'Drama', 'Musical', 'Romance']",59418613,38518613,75000000,5.8,36520,5.8,22440,6.2,20494,5.9,15925,6.1,8935,5.8,44225,5.6,6,5.9,49032
98,tt0454876,Life of Pi,7.9,636765,PG,"['Adventure', 'Drama', 'Fantasy']",609016565,124987023,120000000,7.9,282917,7.9,113858,8.0,98548,7.8,65598,8.0,90451,7.9,370533,8.0,207,7.9,455420
99,tt3544112,Sing Street,7.9,95961,PG-13,"['Comedy', 'Drama', 'Music', 'Romance']",13624522,3585341,7000000,7.8,35377,8.1,21302,7.9,14017,7.7,11268,8.1,16422,7.9,53470,8.0,31,7.8,71086
100,tt1470827,Monsters,6.4,93783,R,"['Adventure', 'Drama', 'Romance', 'Sci-Fi', 'Thriller']",5060438,1442663,500000,6.4,51761,6.4,21365,6.1,8187,6.3,21239,6.5,5460,6.4,71865,6.4,6,6.3,66239
101,tt2293640,Minions,6.4,242718,PG,"['Animation', 'Adventure', 'Comedy', 'Crime', 'Family', 'Sci-Fi']",1159444662,336045770,74000000,6.3,92416,6.2,49886,6.6,38447,6.4,23239,6.4,36437,6.3,125822,6.2,308,6.4,175057
102,tt2935476,Far from the Madding Crowd,7.1,50507,PG-13,"['Drama', 'Romance']",30229977,12236500,12000000.0,7.0,21371,7.3,10142,7.3,19758,7.1,9146,7.2,5874,6.9,18362,7.9,5,7.0,37785
103,tt3606752,Cars 3,6.7,104115,G,"['Animation', 'Adventure', 'Comedy', 'Family', 'Sport']",383930656,152901115,175000000.0,6.6,27339,6.7,27341,6.9,7998,6.6,8284,6.8,18186,6.7,51585,6.8,260,6.7,74293
104,tt4425200,John Wick: Chapter 2,7.4,439762,R,"['Action', 'Crime', 'Thriller']",171547802,92029184,40000000.0,7.3,153493,7.7,101273,7.3,29949,7.1,42613,7.7,61844,7.4,253324,7.6,292,7.3,324767
105,tt2084970,The Imitation Game,8.0,776960,PG-13,"['Biography', 'Drama', 'Thriller', 'War']",233555708,91125683,14000000.0,7.9,298630,8.0,134591,8.3,117955,7.9,72116,8.2,126564,7.9,417718,8.0,231,8.0,572659
106,tt1663202,The Revenant,8.0,812921,R,"['Action', 'Adventure', 'Drama', 'Western']",532950503,183637894,135000000,7.9,295719,8.1,158584,7.8,83667,7.8,74802,8.2,117895,8.0,447451,8.3,289,7.9,596912
107,tt0372784,Batman Begins,8.2,1480418,PG-13,"['Action', 'Crime', 'Drama']",373672993,206863479,150000000,8.3,630825,8.3,349431,8.1,140275,8.1,139506,8.3,184801,8.3,876903,8.1,680,8.2,946651
108,tt3741834,Lion,8.0,239350,PG-13,"['Biography', 'Drama']",140853810,51738905,12000000,8.0,93824,8.1,45121,8.3,44405,8.0,27326,8.1,33700,7.9,123017,7.7,57,8.0,186016
109,tt1972591,King Arthur: Legend of the Sword,6.7,220303,PG-13,"['Action', 'Adventure', 'Drama', 'Fantasy']",148675066,39175066,175000000,6.6,87932,6.7,43211,7.1,29190,6.4,25458,6.8,27155,6.6,124965,6.4,48,6.7,169193
110,tt3787590,We Are Your Friends,6.1,39310,R,"['Drama', 'Music', 'Romance']",11122090,3591417,2000000.0,6.1,15109,6.0,7747,6.1,7471,5.8,3046,6.3,8099,6.1,20678,4.0,6,6.2,29044
111,tt1790809,Pirates of the Caribbean: Dead Men Tell No Tales,6.5,317176,PG-13,"['Action', 'Adventure', 'Fantasy']",795922298,172558876,230000000,6.5,103150,6.5,63254,6.9,37007,6.5,25155,6.6,54235,6.4,164301,6.5,250,6.5,242063
112,tt0124718,He Got Game,6.9,49009,R,"['Drama', 'Sport']",21567853,21567853,25000000.0,7.0,26414,7.0,19082,6.7,2525,6.6,7991,7.0,2531,6.9,35562,8.0,3,6.8,24872
113,tt1872181,The Amazing Spider-Man 2,6.6,503954,PG-13,"['Action', 'Adventure', 'Sci-Fi']",708982323,202853933,200000000.0,6.6,186709,6.5,111069,7.0,49549,6.4,41019,6.7,85226,6.5,292269,6.5,471,6.6,339438
114,tt0080948,The Jazz Singer,5.8,4570,PG,"['Drama', 'Music', 'Romance']",27118000,27118000,,5.1,737,5.9,2341,6.5,680,6.0,2511,5.5,89,5.7,2732,,,5.8,1673
115,tt3748528,Rogue One: A Star Wars Story,7.8,646006,PG-13,"['Action', 'Adventure', 'Sci-Fi']",1058682142,533539991,200000000,7.7,221474,7.9,173762,7.7,53040,7.8,76301,7.8,80764,7.8,363210,7.7,383,7.7,443219
116,tt2281587,Muppets Most Wanted,6.4,35330,PG,"['Adventure', 'Comedy', 'Crime', 'Family', 'Musical', 'Mystery']",80383113,51183113,50000000,6.4,14917,6.6,13013,6.6,5561,6.5,6409,6.5,3820,6.4,21142,6.6,28,6.3,19978
117,tt2709768,The Secret Life of Pets,6.5,205412,PG,"['Animation', 'Adventure', 'Comedy', 'Family']",894328469,368384330,75000000,6.5,79770,6.5,50464,6.8,40528,6.6,20415,6.6,28065,6.5,98879,6.4,215,6.5,144634
118,tt3183660,Fantastic Beasts and Where to Find Them,7.2,481115,PG-13,"['Adventure', 'Family', 'Fantasy']",814044001,234037575,180000000,7.2,166888,7.3,100818,7.7,79870,7.1,40207,7.3,80167,7.1,233076,7.2,306,7.2,359264
119,tt4116284,The Lego Batman Movie,7.3,155241,PG,"['Animation', 'Action', 'Adventure', 'Comedy', 'Family', 'Fantasy', 'Sci-Fi']",312136671,175936671,80000000,7.2,55957,7.4,46682,7.4,13777,7.1,13198,7.5,23368,7.2,87152,7.6,219,7.2,103973
120,tt2277860,Finding Dory,7.3,280928,PG,"['Animation', 'Adventure', 'Comedy', 'Family']",1029266989,486295561,200000000.0,7.2,98029,7.4,75730,7.6,46807,7.1,22239,7.4,47375,7.2,135352,7.1,291,7.2,191587
121,tt0449999,Kabhi Alvida Naa Kehna,6.0,20495,Not Rated,"['Drama', 'Romance']",25229168,17500000,700000000.0,5.8,10010,6.0,2969,6.6,3120,6.3,1540,6.5,2935,5.9,12086,6.6,8,6.0,14803
122,tt2719848,Everest,7.1,221102,PG-13,"['Action', 'Adventure', 'Biography', 'Drama', 'Thriller']",203427584,43482270,55000000,7.0,97815,7.0,35218,7.2,28079,7.0,27089,7.2,27940,7.0,134945,7.3,41,7.1,173806
123,tt1555064,Country Strong,6.3,18472,PG-13,"['Drama', 'Music']",20529194,20218921,15000000,6.3,9107,6.3,7436,6.7,7476,6.2,4423,6.6,1569,6.1,8071,7.0,2,6.3,9477
124,tt0316396,Peter Pan,6.8,74611,PG,"['Adventure', 'Family', 'Fantasy', 'Romance']",121975011,48462608,100000000,6.7,32114,7.0,20208,7.3,24748,6.9,8910,6.9,12595,6.5,30629,6.6,24,6.7,45754
125,tt1185420,Dostana,6.5,15428,Not Rated,"['Comedy', 'Drama', 'Romance']",17779520,14578677,5000000.0,6.4,8146,6.5,2241,6.8,1989,6.1,817,6.6,2387,6.4,9923,7.3,3,6.4,11620
126,tt0780504,Drive,7.8,649904,R,"['Action', 'Drama']",78714970,35061555,15000000,7.8,317674,7.9,135771,7.5,76251,7.5,69162,8.0,79095,7.8,411086,8.0,267,7.8,462187
127,tt4535650,Dilwale,5.0,35871,Not Rated,"['Action', 'Comedy', 'Drama', 'Romance']",31994323,13840242,1250000000.0,4.6,9865,5.0,4589,6.0,2594,5.2,1382,5.4,7028,4.8,17581,5.5,16,4.9,22428
128,tt0084021,Grease 2,4.5,36630,PG,"['Comedy', 'Music', 'Musical', 'Romance']",15171476,15171476,13200000.0,4.5,14228,4.7,14701,5.1,11779,4.3,9707,4.4,2351,4.1,15331,5.4,6,4.3,16841
129,tt0096895,Batman,7.5,381687,PG-13,"['Action', 'Adventure']",411569241,251409241,35000000,7.6,178502,7.7,113437,7.4,34977,7.4,59417,7.4,29566,7.5,242845,7.5,147,7.4,223581
130,tt1587310,Maleficent,6.9,380750,PG,"['Adventure', 'Family', 'Fantasy', 'Romance']",759853685,241410378,180000000,6.8,154821,7.0,80066,7.4,96858,7.0,40924,7.1,57620,6.7,176689,7.0,202,6.9,260984
131,tt0126029,Shrek,7.9,685973,PG,"['Animation', 'Adventure', 'Comedy', 'Family', 'Fantasy', 'Romance']",488441368,268163011,60000000,7.8,287427,7.9,169891,8.0,110511,7.9,81461,8.0,90397,7.8,369325,8.1,397,7.9,437047
132,tt0070239,Jesus Christ Superstar,7.3,27705,G,"['Drama', 'History', 'Musical']",115531,115531,,7.2,10276,7.4,8150,7.8,5220,7.5,8401,7.3,1769,7.2,15756,5.2,5,7.3,15848
133,tt4975722,Moonlight,7.4,312399,R,['Drama'],65336603,27854932,4000000,7.3,111968,7.8,76401,7.6,43643,7.2,29346,7.7,51487,7.3,163405,8.0,117,7.3,225066
134,tt2310332,The Hobbit: The Battle of the Five Armies,7.4,539339,PG-13,"['Adventure', 'Fantasy']",962201338,255138261,250000000.0,7.3,216106,7.4,97812,7.7,63480,7.3,49597,7.5,84376,7.3,315806,7.4,220,7.4,389991
135,tt1017456,Race,6.6,15134,Not Rated,"['Action', 'Crime', 'Drama', 'Thriller']",24503269,20833227,,6.5,6850,6.7,2233,6.6,1050,5.9,579,6.9,2656,6.6,9725,6.9,5,6.6,11251
136,tt2713180,Fury,7.5,499440,R,"['Action', 'Drama', 'War']",211822697,85817906,68000000,7.5,197559,7.7,96833,7.5,38281,7.3,52246,7.8,71070,7.5,309504,7.8,153,7.5,361703
137,tt0359950,The Secret Life of Walter Mitty,7.3,321805,PG,"['Adventure', 'Comedy', 'Drama', 'Fantasy', 'Romance']",188133322,58236838,90000000,7.3,151243,7.4,62128,7.4,48875,7.2,37721,7.5,43183,7.3,198684,7.5,52,7.3,230304
138,tt0377092,Mean Girls,7.1,391203,PG-13,['Comedy'],130126277,86058055,17000000,7.0,167317,7.4,120884,7.3,118073,6.8,30420,7.3,63541,6.9,155008,7.4,234,6.9,231197
139,tt0045152,Singin' in the Rain,8.3,245610,G,"['Comedy', 'Musical', 'Romance']",2000288,1884537,2540800.0,8.3,93189,8.5,77923,8.5,48691,8.3,48646,8.4,25182,8.3,125027,8.3,117,8.2,136759
140,tt1091191,Lone Survivor,7.5,291576,R,"['Action', 'Biography', 'Drama', 'War']",154802912,125095601,40000000,7.4,127575,7.8,72539,7.7,20558,7.4,37997,7.7,36173,7.4,197580,7.3,31,7.4,191877
141,tt0390022,Friday Night Lights,7.2,64253,PG-13,"['Action', 'Drama', 'Sport']",61950770,61255921,30000000,7.2,32855,7.3,31019,7.1,5847,7.1,11045,7.3,4157,7.2,43893,7.8,4,7.0,26907
142,tt1667838,I Hate Luv Storys,5.6,8238,Not Rated,"['Comedy', 'Drama', 'Romance']",15719212,847993,100000000.0,5.4,4359,5.7,1180,6.1,1166,5.5,314,6.0,1478,5.5,5280,,,5.6,6051
143,tt0438097,Ice Age: The Meltdown,6.8,282118,PG,"['Animation', 'Adventure', 'Comedy', 'Family']",667094506,195330621,80000000,6.8,127278,6.5,47475,7.1,44178,6.8,26573,6.8,44072,6.8,162328,6.8,173,6.8,209907
144,tt0369610,Jurassic World,6.9,648419,PG-13,"['Action', 'Adventure', 'Sci-Fi']",1671537444,653406625,150000000,6.9,256426,7.1,160745,7.3,78349,6.8,63044,7.1,88673,6.9,364348,7.0,341,6.9,430775
145,tt1710396,Joyful Noise,5.7,8617,PG-13,"['Comedy', 'Drama', 'Music']",31158113,30932113,25000000.0,5.3,3174,5.9,4555,6.2,3500,5.8,2440,5.9,1048,5.3,3545,,,5.5,3017
146,tt0117887,That Thing You Do!,6.9,70138,PG,"['Comedy', 'Drama', 'Music']",34585416,25857416,26000000.0,6.9,31131,7.2,33580,7.1,13141,6.9,16640,7.1,2366,6.9,38711,6.9,11,6.7,26659
147,tt1843866,Captain America: The Winter Soldier,7.8,852667,PG-13,"['Action', 'Adventure', 'Sci-Fi', 'Thriller']",714421503,259766572,170000000,7.6,303242,8.1,207387,7.8,89785,7.6,75551,7.9,130838,7.7,470650,8.0,585,7.6,557069
148,tt3235888,It Follows,6.8,247528,R,"['Horror', 'Mystery', 'Thriller']",21947454,14674076,1000000.0,6.8,101973,7.1,70799,6.4,31237,6.6,26206,7.0,35058,6.9,142173,6.9,87,6.7,165577
149,tt0112950,Empire Records,6.7,57444,PG-13,"['Comedy', 'Drama', 'Music', 'Romance']",273188,273188,,6.7,28275,6.8,25970,7.3,14253,6.4,10217,6.6,2633,6.5,28209,5.2,12,6.5,24195
150,tt0152836,Taal,6.6,5604,Not Rated,"['Drama', 'Musical', 'Romance']",2020532,2020532,100000000,6.6,3212,6.6,1006,6.8,723,6.5,507,6.7,482,6.6,3673,,,6.6,4037
151,tt0158493,Belly,6.2,11607,R,"['Crime', 'Drama']",9639390,9639390,3000000.0,6.1,6045,6.4,6415,6.6,1023,5.5,1639,6.6,572,6.1,7588,6.0,3,5.9,4065
152,tt0451279,Wonder Woman,7.4,664300,PG-13,"['Action', 'Adventure', 'Fantasy', 'Sci-Fi', 'War']",822854286,412845172,149000000,7.3,219928,7.7,177034,7.7,81572,7.3,66889,7.5,92992,7.3,339910,7.3,406,7.2,459704
153,tt1324059,Wake Up Sid,7.6,32122,Not Rated,"['Comedy', 'Drama', 'Romance']",4278081,3111717,2000000,7.5,14266,7.6,4524,7.5,2442,7.0,901,7.8,5686,7.6,20079,7.3,10,7.6,23738
154,tt3483612,Hamari Adhuri Kahani,6.7,6351,Not Rated,"['Drama', 'Romance']",5099087,4600313,350000000.0,6.4,1948,6.6,786,7.1,596,6.1,186,7.1,1305,6.5,3261,10.0,1,6.7,4478
155,tt3040964,The Jungle Book,7.4,280327,PG,"['Adventure', 'Drama', 'Family', 'Fantasy']",967724775,364001123,175000000,7.3,115441,7.5,62615,7.5,37803,7.4,26069,7.4,40641,7.3,160147,7.1,154,7.3,199499
156,tt2359810,Raanjhanaa,7.6,33181,Not Rated,"['Drama', 'Romance']",9765799,8594038,350000000.0,7.4,13913,7.4,3920,7.0,1825,6.6,715,7.9,6382,7.6,21196,7.5,10,7.6,23056
157,tt1371111,Cloud Atlas,7.4,364957,R,"['Drama', 'Mystery', 'Sci-Fi', 'Thriller']",130516424,27710000,102000000.0,7.4,190360,7.3,63537,7.5,53457,7.1,51250,7.7,38593,7.4,241125,7.9,25,7.4,263811
158,tt0470752,Ex Machina,7.7,551735,R,"['Drama', 'Sci-Fi', 'Thriller']",37394629,25442958,15000000,7.7,226457,7.9,122000,7.5,59405,7.6,62739,7.9,75275,7.7,329669,7.8,125,7.7,401089
159,tt1981115,Thor: The Dark World,6.8,689080,PG-13,"['Action', 'Adventure', 'Fantasy']",644783140,206362140,170000000,6.8,263969,6.8,158049,7.3,87121,6.8,62698,6.8,104103,6.8,381823,6.0,489,6.7,462913
160,tt0864761,The Duchess,6.9,84483,PG-13,"['Biography', 'Drama', 'History', 'Romance', 'Thriller']",43343384,13848978,13500000.0,6.8,42276,6.9,16777,7.1,36730,6.9,13300,7.0,9093,6.7,29876,7.0,7,6.8,60498
161,tt0087277,Footloose,6.6,83469,PG,"['Drama', 'Music', 'Romance']",80039064,80035402,8200000,6.5,30085,6.7,32752,6.9,21651,6.6,21008,6.7,7326,6.4,39225,6.1,24,6.5,42603
162,tt0120679,Frida,7.3,91227,R,"['Biography', 'Drama', 'Romance']",56298474,25885000,12000000,7.3,42862,7.3,18558,7.8,27121,7.3,17299,7.5,7150,7.2,42035,7.2,16,7.3,63018
163,tt0978764,Sucker Punch,6.0,244948,PG-13,"['Action', 'Adventure', 'Fantasy']",89792502,36392502,82000000,6.0,138622,6.0,54279,6.0,35865,6.1,33410,6.0,26510,6.0,168529,5.9,29,6.0,166764
164,tt1916728,Shor in the City,7.2,3837,,"['Crime', 'Drama']",804211,804211,,7.2,2429,7.2,543,7.1,162,6.7,204,7.3,424,7.2,3011,,,7.2,3005
165,tt0988045,Sherlock Holmes,7.6,640237,PG-13,"['Action', 'Adventure', 'Mystery']",524028679,209028679,90000000,7.6,314130,7.5,129132,7.7,91793,7.3,68638,7.8,87508,7.5,399256,7.6,187,7.5,449913
166,tt0089927,Rocky IV,6.8,209423,PG,"['Drama', 'Sport']",300473716,127873716,30000000.0,6.9,93283,7.0,55205,6.8,9459,6.5,32810,7.0,18335,6.8,142196,7.6,79,6.8,135024
167,tt1187043,3 Idiots,8.4,404356,PG-13,"['Comedy', 'Drama']",60262836,43264434,550000000.0,8.3,147719,8.3,47909,8.4,37335,7.4,16385,8.7,72480,8.3,221241,8.5,219,8.4,289403
168,tt0457430,Pan's Labyrinth,8.2,673982,R,"['Drama', 'Fantasy', 'War']",83862032,37646380,19000000,8.2,332268,8.4,151659,8.3,107624,8.1,82019,8.2,71676,8.2,399100,8.1,134,8.1,449547
169,tt1865505,Song of the Sea,8.0,59541,PG,"['Animation', 'Adventure', 'Drama', 'Family', 'Fantasy']",4259207,2205810,5300000.0,8.0,26574,8.1,10969,8.4,11655,7.9,5838,8.2,8702,7.9,31750,8.0,39,8.0,45318
170,tt0145487,Spider-Man,7.4,824652,PG-13,"['Action', 'Adventure', 'Sci-Fi']",825025036,407022860,139000000,7.3,336566,7.5,209948,7.2,87654,7.3,88921,7.6,106761,7.4,472541,7.8,635,7.3,520881
171,tt1596343,Fast Five,7.3,385255,PG-13,"['Action', 'Crime', 'Thriller']",626137675,209837675,125000000,7.2,191440,7.4,78509,7.6,36775,6.9,32722,7.5,59870,7.2,261900,7.6,143,7.2,264490
172,tt2140203,Wolf Children,8.1,45934,PG,"['Animation', 'Drama', 'Family', 'Fantasy']",54999779,52544777,1500000,8.0,16850,8.1,8460,8.2,8253,7.9,2989,8.3,8618,8.0,22180,8.5,32,8.0,34350
173,tt0165929,Romeo Must Die,6.1,71393,R,"['Action', 'Crime', 'Thriller']",91036760,55973336,25000000,6.1,40161,6.1,15529,6.2,5638,6.0,11610,6.2,2562,6.1,50145,6.4,6,6.1,46701
174,tt4262980,Shin Godzilla,6.8,28956,Not Rated,"['Action', 'Drama', 'Horror', 'Sci-Fi']",78053145,75403349,,6.7,10519,7.1,8632,6.8,1356,6.3,4078,7.2,3367,6.7,17951,7.8,18,6.6,19191
175,tt1300854,Iron Man 3,7.1,856776,PG-13,"['Action', 'Adventure', 'Sci-Fi']",1215577205,409013994,200000000,7.1,332743,7.2,195598,7.6,95083,7.1,79010,7.3,129987,7.1,497681,7.2,544,7.1,557099
176,tt0449059,Little Miss Sunshine,7.8,487254,R,"['Comedy', 'Drama']",101058954,59891098,8000000,7.8,251060,7.9,129204,8.0,99543,7.7,63156,7.9,49669,7.8,275050,8.0,135,7.8,315003
177,tt2126355,San Andreas,6.1,241653,PG-13,"['Action', 'Adventure', 'Thriller']",474009154,155190832,110000000,6.0,95082,6.2,53410,6.5,28153,6.1,34066,6.2,29887,6.0,143226,6.3,127,6.0,171094
178,tt1210166,Moneyball,7.6,429682,PG-13,"['Biography', 'Drama', 'Sport']",110206216,75605492,50000000,7.6,207611,7.8,111555,7.3,42234,7.5,51671,7.8,48587,7.6,280874,7.7,107,7.5,286310
179,tt1231580,Alvin and the Chipmunks: The Squeakquel,4.5,50530,PG,"['Animation', 'Adventure', 'Comedy', 'Drama', 'Family', 'Fantasy', 'Music', 'Musical']",443140005,219614612,75000000,4.4,18837,4.3,13243,5.3,9247,4.5,4799,4.5,10316,4.3,26393,5.0,84,4.5,33347
180,tt5013056,Dunkirk,7.8,667777,PG-13,"['Action', 'Drama', 'History', 'Thriller', 'War']",527016307,189740665,100000000,7.8,223109,7.9,140384,7.9,60680,7.6,61603,8.1,102251,7.8,364255,7.7,420,7.8,505846
181,tt5165344,Rustom,7.0,27170,Not Rated,"['Crime', 'Drama', 'Thriller']",1658594,1087419,,6.8,7530,7.1,3925,6.8,998,6.5,679,7.2,4687,6.9,14207,7.2,18,7.0,19136
182,tt4191054,Strange Magic,5.7,11513,PG,"['Animation', 'Adventure', 'Comedy', 'Family', 'Fantasy', 'Musical', 'Romance']",13603453,12429583,22000000,5.6,4377,5.6,3644,6.3,3349,5.9,2093,5.7,1244,5.4,4977,4.0,9,5.7,6729
183,tt1645131,Romeo & Juliet,5.8,12131,PG-13,"['Drama', 'Romance']",2966268,1162635,,5.5,4322,5.8,3145,6.0,5132,5.8,1349,6.0,2661,5.5,3740,6.5,4,5.7,7643
184,tt2119532,Hacksaw Ridge,8.1,534005,R,"['Biography', 'Drama', 'History', 'War']",180563636,67209615,40000000,8.0,173208,8.2,108925,8.3,47924,7.9,48033,8.3,84304,8.0,288261,8.4,289,8.1,399053
185,tt2195548,Prince Avalanche,6.3,20309,R,"['Comedy', 'Drama']",442313,205139,725000.0,6.3,11679,6.4,5972,6.2,2749,6.0,3219,6.7,1754,6.3,14389,9.0,1,6.3,13450
186,tt0974015,Justice League,6.1,456990,PG-13,"['Action', 'Adventure', 'Fantasy', 'Sci-Fi']",657926987,229024295,300000000.0,6.1,153216,6.1,114987,6.5,38903,6.4,42151,5.9,66424,6.1,254447,5.1,296,6.1,325309
187,tt2543164,Arrival,7.9,703799,PG-13,"['Drama', 'Mystery', 'Sci-Fi']",203388186,100546139,47000000,7.9,258723,8.0,154815,7.9,78631,7.6,74396,8.2,95792,7.9,387391,8.1,307,7.9,522560
188,tt0319262,The Day After Tomorrow,6.4,454289,PG-13,"['Action', 'Adventure', 'Sci-Fi', 'Thriller']",552639571,186740799,125000000,6.4,221361,6.3,102099,6.8,59372,6.4,61576,6.6,47631,6.4,285127,6.7,83,6.5,305279
189,tt2402927,Carol,7.2,132517,R,"['Drama', 'Romance']",40272135,12711491,11800000.0,7.1,51405,7.4,26840,7.3,33490,7.1,17580,7.6,19728,7.2,59933,7.9,53,7.2,99468
190,tt0332280,The Notebook,7.8,579030,PG-13,"['Drama', 'Romance']",118230644,81417274,29000000,7.8,272905,7.7,127835,8.2,182688,7.7,49247,7.8,82425,7.6,240847,7.5,152,7.8,383969
191,tt1731141,Ender's Game,6.6,243591,PG-13,"['Action', 'Adventure', 'Sci-Fi']",125544024,61737191,110000000,6.6,114090,6.7,57587,6.8,28766,6.5,38996,6.7,25871,6.5,161525,6.9,39,6.5,163778
192,tt1791528,Inherent Vice,6.6,106237,R,"['Comedy', 'Crime', 'Drama', 'Mystery', 'Romance']",14710975,8110975,20000000.0,6.6,48598,6.7,28572,6.3,9798,6.2,15768,7.1,13350,6.6,71289,7.0,16,6.6,73272
193,tt0317919,Mission: Impossible III,6.9,361394,PG-13,"['Action', 'Adventure', 'Thriller']",398479497,134029801,150000000,6.9,175569,7.1,85373,6.8,28337,6.8,50534,7.1,36478,6.9,246275,7.0,121,6.9,244197
194,tt3397884,Sicario,7.6,436746,R,"['Action', 'Crime', 'Drama', 'Mystery', 'Thriller']",84997446,46889293,30000000,7.6,178951,7.9,97583,7.3,32679,7.6,52675,7.7,54057,7.7,273746,7.8,101,7.6,321876
195,tt5946128,Dear Zindagi,7.4,40943,Not Rated,"['Drama', 'Romance']",12468188,9268607,42000000,7.1,10695,7.4,6993,7.5,3286,6.6,995,7.8,9026,7.3,20531,6.7,12,7.4,27580
196,tt2356180,Bhaag Milkha Bhaag,8.2,69126,Not Rated,"['Biography', 'Drama', 'Sport']",17551296,15225379,410000000.0,8.0,25893,8.1,8301,7.9,2834,7.0,1849,8.5,13568,8.2,42859,8.0,22,8.1,47010
197,tt0450259,Blood Diamond,8.0,555714,R,"['Adventure', 'Drama', 'Thriller']",171720398,57377916,100000000,8.0,283505,7.9,107161,8.1,61753,7.7,58313,8.2,62872,8.0,360069,8.0,98,8.0,397820
198,tt1637706,Our Idiot Brother,6.4,88875,R,"['Comedy', 'Drama']",25804448,24816118,5000000,6.4,53855,6.5,30406,6.4,17541,6.3,13016,6.5,7192,6.4,58300,5.7,3,6.4,51568
199,tt5074352,Dangal,8.3,193928,Not Rated,"['Action', 'Biography', 'Drama', 'Sport']",303723636,193050870,700000000.0,8.3,55725,8.3,28670,8.4,13703,7.7,7782,8.5,32116,8.3,97064,8.1,140,8.3,145672
200,tt0320661,Kingdom of Heaven,7.2,292906,R,"['Action', 'Adventure', 'Drama', 'History', 'War']",218122627,47398413,130000000,7.2,151842,7.3,56408,7.0,28278,7.1,43536,7.5,24430,7.2,199777,7.1,33,7.2,207563
201,tt0089218,The Goonies,7.7,278926,PG,"['Adventure', 'Comedy', 'Family']",64499270,63711145,19000000.0,7.7,122132,8.0,103781,8.0,40411,7.7,50095,7.5,20142,7.6,161209,7.4,103,7.6,147872
202,tt0057652,The Victors,6.9,1628,,"['Drama', 'War']",,,,6.8,253,7.2,529,7.1,110,6.9,950,6.2,23,6.9,1129,,,6.8,895
203,tt1754656,The Little Prince,7.7,63265,PG,"['Animation', 'Adventure', 'Drama', 'Family', 'Fantasy']",97571250,24037389,81200000.0,7.6,26912,7.7,11890,8.0,13384,7.5,5787,7.9,9819,7.6,31974,7.4,53,7.6,47637
204,tt0980970,The Chronicles of Narnia: The Voyage of the Dawn Treader,6.3,157278,PG,"['Adventure', 'Family', 'Fantasy']",415686217,104386950,155000000,6.2,66574,6.4,34259,6.7,32098,6.4,17617,6.2,27578,6.2,84773,6.5,66,6.2,109276
205,tt3501632,Thor: Ragnarok,7.9,759941,PG-13,"['Action', 'Adventure', 'Comedy', 'Fantasy', 'Sci-Fi']",855301806,315058289,180000000,7.8,228627,8.1,201958,8.1,75786,7.7,61693,8.0,108233,7.8,366735,8.1,757,7.8,540771
206,tt1180583,Vaaranam Aayiram,8.2,13354,Not Rated,"['Action', 'Drama', 'Musical', 'Romance']",921007,796297,140000000.0,7.7,3505,8.2,1590,7.4,306,6.0,199,8.6,2173,8.0,6396,7.2,5,8.2,10378
207,tt0082971,Raiders of the Lost Ark,8.4,972963,PG,"['Action', 'Adventure']",389925971,248159971,18000000,8.4,388286,8.8,279607,8.2,94041,8.7,173153,8.3,87747,8.5,587910,8.3,367,8.3,561186
208,tt0435761,Toy Story 3,8.3,842286,G,"['Animation', 'Adventure', 'Comedy', 'Family', 'Fantasy']",1067316101,415004880,200000000,8.4,356262,8.4,206298,8.3,119368,8.1,74508,8.4,128965,8.3,474525,8.3,595,8.2,538117
209,tt0758053,Saawariya,5.2,8048,PG,"['Drama', 'Musical', 'Romance']",18525631,15982236,,5.1,4490,5.4,1321,5.9,1346,5.6,695,5.2,857,5.0,4937,,,5.1,5780
210,tt1216300,Jannat,6.9,6777,Not Rated,"['Crime', 'Drama', 'Romance']",9407362,9088535,2800000,6.6,2949,6.9,856,6.5,254,5.9,153,7.4,1372,6.8,4569,10.0,1,6.9,5238
211,tt1979388,The Good Dinosaur,6.7,118228,PG,"['Animation', 'Adventure', 'Comedy', 'Drama', 'Family']",332207671,123087120,200000000.0,6.6,48826,6.6,29860,6.9,18401,6.7,11472,6.7,16952,6.6,64665,6.2,160,6.7,82061
212,tt1321511,Oldboy,5.8,77378,R,"['Action', 'Drama', 'Mystery', 'Thriller']",5186767,2193658,30000000,5.7,37114,5.8,18418,5.7,7025,6.0,12597,5.4,7721,5.8,53491,3.5,16,5.8,54197
213,tt0367882,Indiana Jones and the Kingdom of the Crystal Skull,6.2,459435,PG-13,"['Action', 'Adventure']",790653942,317101119,185000000,6.1,218903,6.1,129861,6.3,43451,6.2,74835,6.2,41711,6.1,305268,6.0,137,6.2,289505
214,tt1216492,Leap Year,6.4,106382,PG,"['Comedy', 'Romance']",32686500,25918920,19000000,6.3,52091,6.4,24068,6.7,43367,6.3,13489,6.7,13733,6.2,39129,5.3,8,6.4,73253
215,tt2554274,Crimson Peak,6.5,150918,R,"['Drama', 'Horror', 'Mystery', 'Romance', 'Thriller']",74679822,31090320,55000000,6.5,66982,6.6,36336,6.8,33807,6.4,19722,6.8,19182,6.4,78027,6.8,46,6.5,107105
216,tt1454468,Gravity,7.7,832194,PG-13,"['Drama', 'Sci-Fi', 'Thriller']",748049949,274092705,100000000,7.8,365503,7.8,165338,7.5,105040,7.7,98654,7.7,109283,7.8,510818,7.6,209,7.7,583761
217,tt0137523,Fight Club,8.8,2141403,R,['Drama'],101209702,37030102,63000000,8.9,869784,8.7,456718,8.7,253303,8.4,203264,8.9,261482,8.8,1168521,9.0,976,8.8,1381914
218,tt1985949,The Angry Birds Movie,6.3,95272,PG,"['Animation', 'Action', 'Adventure', 'Comedy', 'Family']",352333929,107509366,73000000,6.2,35083,6.1,20369,6.5,10932,6.1,8782,6.4,13361,6.2,51675,6.3,191,6.3,69491
219,tt1258972,The Man with the Iron Fists,5.4,63224,R,['Action'],20546518,15634090,15000000,5.4,36285,5.5,14667,5.3,4386,5.3,10918,5.4,4346,5.4,49516,,,5.3,42784
220,tt0096054,School Daze,6.1,7581,R,"['Comedy', 'Drama', 'Musical']",14545844,14545844,6500000.0,6.0,2627,6.3,4895,6.9,1258,5.9,2546,6.4,311,5.9,4401,7.0,2,5.5,1759
221,tt0108071,The Secret Garden,7.3,42337,G,"['Drama', 'Family', 'Fantasy']",31181347,31181347,18000000.0,7.2,20932,7.4,14000,7.7,16184,7.1,7425,7.3,3270,7.0,16419,7.8,6,7.2,23922
222,tt0108002,Rudy,7.5,65054,PG,"['Biography', 'Drama', 'Sport']",22881563,22881563,,7.5,28789,7.6,39051,7.5,5796,7.5,13093,7.4,4183,7.5,42132,7.9,10,7.3,19462
223,tt2395427,Avengers: Age of Ultron,7.3,870604,PG-13,"['Action', 'Adventure', 'Sci-Fi']",1405018048,459005868,250000000,7.2,293908,7.4,206748,7.6,88878,7.2,72236,7.4,134414,7.2,460473,7.2,652,7.2,585058
224,tt1702439,Safe Haven,6.6,112210,PG-13,"['Drama', 'Romance', 'Thriller']",97594140,71349120,28000000,6.5,45758,6.6,25263,6.9,43433,6.4,11450,7.0,19826,6.4,39421,6.4,10,6.6,73523
225,tt4034354,Swiss Army Man,6.9,124578,R,"['Comedy', 'Drama', 'Fantasy', 'Romance']",4935501,4210454,3000000.0,6.9,49959,7.1,30584,6.9,14727,6.2,11272,7.4,20670,6.9,72765,7.6,46,6.9,89793
226,tt0808151,Angels & Demons,6.7,296970,PG-13,"['Action', 'Mystery', 'Thriller']",485930816,133375846,150000000,6.7,151101,6.7,51940,6.8,39881,6.5,39177,7.0,33727,6.7,192926,6.5,35,6.7,222815
227,tt1628841,Independence Day: Resurgence,5.2,181748,PG-13,"['Action', 'Adventure', 'Sci-Fi']",389681935,103144286,165000000,5.2,80807,5.2,38900,5.5,16640,5.2,29396,5.3,14187,5.2,118038,5.7,34,5.2,132838
228,tt3472226,Kung Fury,8.0,60369,Not Rated,"['Short', 'Action', 'Comedy', 'Fantasy', 'Sci-Fi']",7294403.0,,600000.0,8.0,29880,8.0,11560,7.9,3362,7.8,5742,8.0,8698,8.0,43250,6.1,9,7.9,44734
229,tt2406566,Atomic Blonde,6.7,196851,R,"['Action', 'Thriller']",100014025,51687870,30000000,6.6,77634,6.8,45239,6.7,23714,6.7,31585,6.8,22177,6.6,117895,6.9,23,6.6,147855
230,tt0422720,Marie Antoinette,6.5,113774,PG-13,"['Biography', 'Drama', 'History', 'Romance']",60917189,15962471,40000000,6.5,55764,6.5,28810,6.7,39835,6.2,18190,6.8,10960,6.3,47318,6.3,25,6.4,74624
231,tt0120689,The Green Mile,8.6,1310818,R,"['Crime', 'Drama', 'Fantasy', 'Mystery']",286801374,136801374,60000000,8.6,532997,8.5,264594,8.7,169121,8.4,155399,8.8,144956,8.6,718888,8.8,489,8.6,880213
232,tt1781769,Anna Karenina,6.6,101917,R,"['Drama', 'Romance']",68929150,12816367,40600000.0,6.5,47635,6.5,18871,6.8,39446,6.3,13228,6.8,14129,6.4,39033,6.5,18,6.6,74251
233,tt4302938,Kubo and the Two Strings,7.7,131306,PG,"['Animation', 'Action', 'Adventure', 'Family', 'Fantasy']",76249438,48023088,60000000,7.7,53794,7.9,34286,7.9,16445,7.7,12335,7.9,20045,7.7,76329,7.5,79,7.7,92133
234,tt0094721,Beetlejuice,7.5,310460,PG,"['Comedy', 'Fantasy']",74714298,74664632,15000000.0,7.5,135922,7.7,107295,7.7,54762,7.4,48886,7.4,25379,7.4,164436,7.6,126,7.3,173053
235,tt0147800,10 Things I Hate About You,7.3,349534,PG-13,"['Comedy', 'Drama', 'Romance']",53479546,38178166,30000000,7.2,157161,7.4,95352,7.8,110127,6.9,28934,7.6,49084,7.0,134897,7.7,204,7.2,218735
236,tt0102057,Hook,6.8,258800,PG,"['Adventure', 'Comedy', 'Family', 'Fantasy']",300854823,119654823,70000000,6.9,132543,7.0,85194,7.2,45218,6.2,36492,6.7,17477,6.7,148720,6.9,52,6.7,146350
237,tt1809398,Unbroken,7.2,171065,PG-13,"['Action', 'Biography', 'Drama', 'Sport', 'War']",161459297,115637895,65000000,7.1,67794,7.2,37860,7.5,24660,7.1,22227,7.4,25486,7.1,99263,7.8,48,7.2,121342
238,tt0477392,Broken Bridges,5.8,1729,PG-13,"['Drama', 'Music']",252539,252539,,5.9,666,6.0,1034,6.7,600,5.7,667,6.5,69,5.5,836,10.0,1,5.6,484
239,tt0091817,Rad,6.7,6504,PG,"['Drama', 'Sport']",2015882,2015882,,6.7,2619,7.0,4111,6.7,416,6.7,1882,5.7,122,6.7,4420,6.7,3,6.2,1655
240,tt0242256,Alaipayuthey,8.3,6749,Not Rated,"['Drama', 'Musical', 'Romance']",350000000.0,,,8.2,2572,8.2,992,8.3,340,7.1,243,8.4,990,8.2,3868,,,8.3,5142
241,tt0372824,The Chorus,7.8,63584,PG-13,"['Comedy', 'Drama', 'Music']",88385944,48765590,5500000.0,7.8,28430,7.8,6894,8.2,15243,7.8,10076,7.9,7821,7.7,32542,7.6,27,7.8,50883
242,tt1355644,Passengers,7.0,412386,PG-13,"['Drama', 'Romance', 'Sci-Fi', 'Thriller']",303144152,100014699,110000000,6.9,155178,7.0,79490,7.0,57618,7.0,48607,7.0,52719,7.0,221482,7.0,165,7.0,317466
243,tt0495032,Gangster,7.2,6320,Not Rated,"['Action', 'Crime', 'Drama', 'Romance', 'Thriller']",2451379,2451379,5000000,7.2,3222,7.1,890,7.5,508,6.5,287,7.4,891,7.1,4155,,,7.2,4876
244,tt0383216,The Pink Panther,5.6,88353,PG,"['Adventure', 'Comedy', 'Crime', 'Mystery']",164115897,82226474,80000000,5.6,42646,5.5,20710,5.8,11434,5.2,12958,6.0,11596,5.6,57874,6.4,16,5.7,59812
245,tt0316654,Spider-Man 2,7.4,660290,PG-13,"['Action', 'Adventure', 'Sci-Fi']",788976453,373585825,200000000,7.3,268059,7.7,168927,7.0,62588,7.3,66021,7.6,88367,7.4,382461,8.0,566,7.3,426005
246,tt1538403,The Mortal Instruments: City of Bones,5.8,135644,PG-13,"['Action', 'Adventure', 'Fantasy', 'Horror', 'Mystery', 'Romance']",95396573,31165421,60000000,5.6,55213,6.0,26729,6.4,48765,5.7,14643,6.2,24943,5.4,53679,5.6,12,5.7,86816
247,tt0451983,Zeher,5.6,2139,Not Rated,"['Crime', 'Drama', 'Mystery', 'Thriller']",,69871000.0,,5.5,1178,5.6,286,5.3,164,5.9,82,5.6,297,5.6,1478,,,5.6,1694
248,tt0268978,A Beautiful Mind,8.2,938538,PG-13,"['Biography', 'Drama']",316791257,170742341,58000000,8.2,409889,8.1,186532,8.3,134144,7.8,103031,8.4,112539,8.2,528859,8.0,211,8.2,633308
249,tt0084296,The Man from Snowy River,7.2,9347,PG,"['Adventure', 'Drama', 'Romance', 'Western']",20659423,20659423,3500000.0,6.9,2416,7.4,4969,7.9,1800,7.2,3886,7.1,283,7.0,5029,8.0,2,6.8,3202
250,tt0250797,Unfaithful,6.7,91489,R,"['Drama', 'Romance', 'Thriller']",119137784,52775765,50000000,6.7,44158,6.8,23780,6.9,20634,6.7,19002,6.8,4871,6.6,49530,5.8,9,6.7,58226
251,tt1521197,Anonymous,6.8,41314,PG-13,"['Drama', 'Thriller']",15395087,4463292,30000000,6.8,23310,6.8,7693,7.1,9019,6.8,8469,7.0,3349,6.8,26772,7.0,1,6.8,30497
252,tt0780536,In Bruges,7.9,435587,R,"['Comedy', 'Crime', 'Drama', 'Thriller']",39628327,15202263,15000000.0,7.9,231366,8.0,86539,7.8,47870,7.7,56271,8.1,43146,7.9,293569,8.2,45,7.9,317968
253,tt2980706,Planes: Fire & Rescue,5.9,18604,PG,"['Animation', 'Adventure', 'Comedy', 'Family', 'Sport']",146965787,59165787,50000000,5.9,7493,5.9,4340,6.2,2067,6.1,3085,5.8,2387,5.9,11938,5.6,22,5.9,12801
254,tt5990474,Columbus,7.2,18799,Not Rated,['Drama'],1093077,1017107,,7.1,7056,7.4,5567,7.1,2038,6.7,2496,7.6,3072,7.2,11307,7.4,6,7.2,13074
255,tt2096672,Dumb and Dumber To,5.6,139441,PG-13,['Comedy'],169837010,86208010,40000000,5.6,66450,5.5,30071,5.3,12027,5.4,14359,5.9,18722,5.6,94353,5.5,54,5.6,99212
256,tt0765429,American Gangster,7.8,430953,R,"['Biography', 'Crime', 'Drama']",269755430,130164645,100000000,7.8,237536,7.8,99845,7.6,29685,7.6,55875,8.0,33118,7.8,309528,7.8,47,7.8,292142
257,tt0810819,The Danish Girl,7.1,189095,R,"['Biography', 'Crime', 'Drama']",64191523,11114018,15000000.0,7.0,72468,7.0,29214,7.5,51898,7.0,19539,7.2,30783,6.9,79013,6.6,54,7.1,148948
258,tt0307479,Solaris,6.2,83999,PG-13,"['Drama', 'Mystery', 'Romance', 'Sci-Fi']",30002758,14973382,47000000,6.2,39829,6.3,19742,5.9,7604,6.2,22402,6.2,2382,6.2,58046,7.2,6,6.1,53183
259,tt0099800,House Party,6.5,15569,R,"['Comedy', 'Music', 'Romance']",26385627,26385627,2500000.0,6.4,6204,6.7,8304,6.8,1724,6.3,3645,6.6,472,6.4,9013,10.0,1,6.1,4574
260,tt1059786,Eagle Eye,6.6,189118,PG-13,"['Action', 'Mystery', 'Thriller']",178767383,101440743,80000000,6.6,107055,6.5,49581,6.7,20718,6.5,27587,6.7,16806,6.6,135065,5.7,13,6.6,124470
261,tt1392190,Mad Max: Fury Road,8.1,1011418,R,"['Action', 'Adventure', 'Sci-Fi', 'Thriller']",415261382,154109060,150000000,8.1,374925,8.3,211530,7.9,94778,7.7,93313,8.3,143675,8.1,571561,8.3,370,8.0,708003
262,tt0252028,Surviving Christmas,5.4,25956,PG-13,"['Comedy', 'Romance']",15125687,11663156,45000000.0,5.4,12540,5.4,7744,5.7,5116,5.3,5215,5.7,1903,5.3,15151,5.7,3,5.5,15956
263,tt2614722,Umrika,6.6,1509,,"['Comedy', 'Drama']",138706,63434,,6.5,622,6.8,279,6.8,252,6.7,341,6.4,133,6.5,902,,,6.6,1175
264,tt1877832,X-Men: Days of Future Past,7.9,717565,PG-13,"['Action', 'Adventure', 'Sci-Fi', 'Thriller']",746045700,233921534,200000000,7.9,297889,8.1,158289,8.1,82187,7.7,65221,8.2,110097,7.9,432421,8.1,262,7.9,473004
265,tt2893490,Manglehorn,5.5,7779,PG-13,['Drama'],459636,143101,4000000.0,5.5,3382,5.6,1709,5.4,962,5.4,2182,5.7,505,5.5,5365,6.0,1,5.5,5771
266,tt1201167,Funny People,6.3,120340,R,"['Comedy', 'Drama']",71585235,51855045,75000000,6.4,75424,6.5,39086,5.9,13722,6.2,14724,6.3,9210,6.4,87802,7.3,6,6.3,71820
267,tt0097576,Indiana Jones and the Last Crusade,8.2,760891,PG-13,"['Action', 'Adventure']",474171806,197171806,48000000,8.3,315724,8.4,208060,8.1,73003,8.1,127086,8.2,68456,8.3,464904,8.2,249,8.2,453164
268,tt0268695,The Time Machine,6.0,126055,PG-13,"['Action', 'Adventure', 'Sci-Fi']",123729176,56832494,80000000,5.9,65810,5.9,31702,6.0,11958,5.9,25890,6.1,6640,5.9,88961,6.6,5,6.0,78972
269,tt0114924,While You Were Sleeping,6.8,106266,PG,"['Comedy', 'Drama', 'Romance']",182057016,81057016,17000000,6.6,44942,7.0,34210,7.1,36114,6.7,23059,7.0,6403,6.5,40871,6.1,14,6.6,58931
270,tt2379713,Spectre,6.8,445478,PG-13,"['Action', 'Adventure', 'Thriller']",880705312,200074609,245000000,6.7,175950,6.8,88254,6.8,38447,6.8,55571,6.9,59116,6.8,274127,7.0,138,6.7,329933
271,tt3498820,Captain America: Civil War,7.8,795340,PG-13,"['Action', 'Sci-Fi']",1155046416,408084349,250000000,7.7,247688,8.0,195504,7.8,72841,7.6,61929,8.0,119327,7.7,405736,8.0,666,7.7,540322
272,tt0399201,The Island,6.8,318862,PG-13,"['Action', 'Sci-Fi', 'Thriller']",162949164,35818913,126000000,6.9,179265,6.8,63891,6.9,40724,6.8,48741,6.9,22867,6.8,217591,7.0,28,6.8,221905
273,tt0105695,Unforgiven,8.2,415647,R,"['Drama', 'Western']",159167799,101167799,14400000.0,8.2,170759,8.4,113689,7.7,24807,8.3,90745,8.1,31060,8.2,279640,8.2,91,8.1,252616
274,tt0499041,Kalyug,6.5,2939,Not Rated,"['Action', 'Crime', 'Drama', 'Thriller']",1435,1435,40000000.0,6.4,1574,6.5,410,6.5,180,5.9,99,6.6,439,6.5,2046,,,6.5,2335
275,tt0056891,Bye Bye Birdie,6.6,8664,Approved,"['Comedy', 'Musical']",,13129412,5500000,6.5,2509,6.7,5816,6.9,2175,6.7,3445,6.5,425,6.5,4348,,,6.2,1902
276,tt0105417,Sister Act,6.5,101550,PG,"['Comedy', 'Family', 'Music']",231605150,139605150,31000000.0,6.4,47113,6.6,29326,7.0,22073,6.3,17968,6.6,6422,6.3,52063,6.8,24,6.4,61269
277,tt2318092,Endless Love,6.2,45888,PG-13,"['Drama', 'Romance']",34718173,23438250,20000000,6.0,17629,6.1,8627,6.3,18262,5.8,3859,6.6,9813,6.0,15127,7.5,5,6.2,32160
278,tt0105265,A River Runs Through It,7.2,61918,PG,['Drama'],43440294,43440294,12000000.0,7.1,24072,7.4,25904,7.3,9666,7.3,17521,7.2,2700,7.2,36073,6.7,11,7.1,28795
279,tt3017412,Happy Ending,5.4,3692,Not Rated,"['Comedy', 'Romance']",359542,313770,,5.2,1628,5.5,508,5.6,265,5.4,170,5.7,732,5.3,2457,5.0,1,5.3,2732
280,tt0104897,Mo' Money,5.5,7855,R,"['Action', 'Comedy', 'Crime', 'Romance', 'Thriller']",40227006,40227006,10000000.0,5.6,3485,5.6,3639,5.6,723,5.3,2175,5.8,177,5.5,5293,6.0,1,5.4,3266
281,tt1895587,Spotlight,8.1,474304,R,"['Biography', 'Crime', 'Drama']",98690254,45055776,20000000.0,8.0,184027,8.3,101306,8.1,65350,8.0,48382,8.2,69546,8.0,259573,7.7,89,8.0,345764
282,tt1535108,Elysium,6.6,452674,R,"['Action', 'Drama', 'Sci-Fi', 'Thriller']",286140700,93050117,115000000,6.6,215060,6.6,90374,6.5,43360,6.5,64528,6.7,48386,6.6,307301,6.5,39,6.6,322660
283,tt0258463,The Bourne Identity,7.9,551694,PG-13,"['Action', 'Mystery', 'Thriller']",214034224,121661683,60000000,7.9,266255,8.0,127916,7.7,52817,7.9,79051,7.8,54194,7.9,363971,7.5,106,7.8,366389
284,tt5805752,Brigsby Bear,7.3,17049,PG-13,"['Comedy', 'Drama']",681632,532669,34000000,7.3,7293,7.5,5701,7.3,1572,7.0,2512,7.5,2275,7.3,11162,7.8,7,7.2,11108
285,tt0465234,National Treasure: Book of Secrets,6.5,241941,PG,"['Action', 'Adventure', 'Mystery', 'Thriller']",459242249,219964115,130000000.0,6.5,124191,6.6,66996,6.7,28143,6.4,34172,6.6,25527,6.5,162218,6.7,37,6.5,154790
286,tt0095765,Cinema Paradiso,8.5,264066,R,"['Drama', 'Romance']",13019063,12397210,5000000.0,8.5,105961,8.5,48934,8.6,37164,8.4,46565,8.6,27359,8.5,150660,8.6,89,8.5,184796
287,tt0070016,Charlotte's Web,6.9,21449,G,"['Animation', 'Adventure', 'Drama', 'Family', 'Musical']",,5232000.0,,6.8,9321,7.0,13894,7.2,5427,7.1,4831,6.7,1619,6.8,10793,6.2,5,6.6,5452
288,tt0497465,Vicky Cristina Barcelona,7.1,258897,PG-13,"['Comedy', 'Drama', 'Romance']",96409300,23216709,15500000.0,7.1,144168,7.2,39081,7.1,65793,7.0,35545,7.1,23120,7.1,142865,6.0,37,7.1,198151
289,tt0362270,The Life Aquatic with Steve Zissou,7.2,200308,R,"['Action', 'Adventure', 'Comedy', 'Drama', 'Romance']",34809623,24020403,50000000,7.3,99830,7.4,66208,7.2,25706,6.8,30528,7.4,16782,7.2,125890,7.5,48,7.2,115599
290,tt1790864,The Maze Runner,6.8,474468,PG-13,"['Action', 'Mystery', 'Sci-Fi', 'Thriller']",348319861,102427862,34000000,6.7,176975,6.9,86631,7.1,77520,6.5,41899,7.1,82131,6.7,249344,7.4,270,6.8,338384
291,tt5255710,Sanam Teri Kasam,7.5,14252,Not Rated,"['Drama', 'Musical', 'Romance']",1386707,1318971,,7.0,2884,7.5,1656,7.7,1325,6.5,238,7.6,2413,7.2,5386,7.8,6,7.5,10514
292,tt1638355,The Man from U.N.C.L.E.,7.2,314263,PG-13,"['Action', 'Adventure', 'Comedy']",107045109,45445109,75000000,7.2,130833,7.3,58912,7.5,40925,7.0,36754,7.4,43267,7.2,184669,7.4,54,7.2,238315
293,tt1211837,Doctor Strange,7.5,750238,PG-13,"['Action', 'Adventure', 'Fantasy', 'Sci-Fi']",677796076,232641920,165000000,7.4,239104,7.6,179253,7.7,80910,7.4,63022,7.6,109544,7.4,372350,7.7,692,7.4,541234
294,tt2077833,Rowdy Rathore,5.8,22909,Not Rated,"['Action', 'Comedy', 'Crime']",29342463,27283662,450000000.0,5.6,8181,5.9,2315,5.9,843,5.6,501,6.0,4172,5.7,12941,6.7,11,5.8,13861
295,tt1800241,American Hustle,7.2,483433,R,"['Crime', 'Drama']",251171807,150117807,40000000,7.2,222998,7.4,110435,7.1,71445,7.2,58167,7.3,65513,7.3,298230,7.1,56,7.2,331760
296,tt1105733,Kismat Konnection,5.3,5778,,"['Comedy', 'Drama', 'Romance']",11019454,8341392,,5.1,2958,5.4,856,5.6,835,5.2,307,5.5,1009,5.2,3654,,,5.2,4333
297,tt3678782,Badlapur,7.4,24484,Not Rated,"['Action', 'Crime', 'Drama', 'Thriller']",409166,409166,250000000.0,7.4,9255,7.4,3232,7.2,975,6.8,676,7.6,4791,7.4,15314,6.0,5,7.4,17784
298,tt2404435,The Magnificent Seven,6.8,214918,PG-13,"['Action', 'Adventure', 'Western']",162360636,93432655,90000000,6.8,85937,7.0,51834,7.0,18364,6.8,31269,6.9,23754,6.8,134150,6.4,38,6.8,154990
299,tt0119861,Pardes,6.9,15154,Not Rated,"['Drama', 'Musical', 'Romance']",18552460.0,160000000.0,32000000,6.8,7214,6.9,2025,6.9,1350,6.2,923,7.2,2230,6.9,9653,8.0,3,6.9,11081
300,tt2908446,Insurgent,6.2,241607,PG-13,"['Action', 'Adventure', 'Sci-Fi', 'Thriller']",297002527,130179072,110000000,6.1,91236,6.3,48263,6.6,49832,6.1,25525,6.4,39554,6.0,118854,5.8,81,6.1,172341
301,tt2884018,Macbeth,6.6,57648,R,"['Drama', 'History', 'War']",16322067,4339629,15000000.0,6.5,26170,6.8,9127,6.8,8462,6.3,6789,6.9,8822,6.5,35443,5.7,13,6.5,45692
302,tt0086998,Breakin',5.8,6744,PG,"['Comedy', 'Drama', 'Music', 'Romance']",38682707,38682707,,5.8,2120,5.8,3332,6.6,878,5.7,2781,5.7,126,5.7,4295,8.0,1,5.8,2664
303,tt2381111,Brooklyn,7.5,144225,PG-13,"['Drama', 'Romance']",62402155,38322743,11000000.0,7.4,58110,7.7,33193,7.6,37082,7.5,19976,7.7,20973,7.4,67823,7.2,25,7.4,104294
304,tt1535109,Captain Phillips,7.8,466310,PG-13,"['Action', 'Biography', 'Crime', 'Drama', 'Thriller']",218791811,107100855,55000000,7.8,212022,7.9,94845,7.9,49530,7.7,54652,8.0,59346,7.8,300617,7.7,89,7.8,331831
305,tt0106333,Baazigar,7.6,28657,Not Rated,"['Crime', 'Drama', 'Musical', 'Romance', 'Thriller']",,,40000000.0,7.5,12217,7.5,2985,7.3,1667,6.8,3893,7.8,3684,7.5,19315,6.6,9,7.6,22241
306,tt2474932,Despite the Falling Snow,5.8,3215,PG-13,"['Drama', 'Mystery', 'Romance', 'Thriller']",107257,36859,,5.5,945,6.0,813,5.9,729,5.9,1035,5.9,219,5.7,1585,,,5.7,2324
307,tt4271820,O Kadhal Kanmani,7.4,6211,Unrated,['Romance'],81340,81340,,7.2,2068,7.5,974,7.6,404,6.7,176,7.6,1242,7.3,3444,8.0,3,7.3,4477
308,tt0947798,Black Swan,8.0,774930,R,"['Drama', 'Thriller']",329398046,106954678,13000000,8.0,385127,8.0,157155,8.0,167211,7.6,80009,8.2,98396,8.0,418614,8.4,240,8.0,542047
309,tt0108399,True Romance,7.9,229905,R,"['Crime', 'Drama', 'Romance', 'Thriller']",13088850,12281551,13000000.0,7.9,106897,8.0,61228,7.8,22647,7.9,46019,7.9,15190,7.9,150669,7.7,32,7.8,142926
310,tt1655441,The Age of Adaline,7.2,185534,PG-13,"['Drama', 'Fantasy', 'Romance']",65663276,42629776,25000000.0,7.1,71706,7.3,37382,7.4,56132,7.1,20832,7.4,28626,7.1,73537,7.5,44,7.2,135809
311,tt0120917,The Emperor's New Groove,7.4,208285,G,"['Animation', 'Adventure', 'Comedy', 'Family', 'Fantasy']",169662207,89636687,100000000,7.3,87371,7.5,66174,7.7,43543,7.0,16331,7.5,36059,7.2,102773,7.7,127,7.3,123123
312,tt2922724,Bazodee,6.6,314,PG-13,"['Drama', 'Musical', 'Romance']",196567262.0,,55000000,6.6,87,6.9,125,7.0,79,6.6,42,6.5,25,6.4,108,,,6.4,115
313,tt0268380,Ice Age,7.5,488926,PG,"['Animation', 'Adventure', 'Comedy', 'Family']",383257136,176387405,59000000,7.5,213001,7.2,97011,7.8,77621,7.4,46500,7.6,73294,7.5,271128,7.3,292,7.6,342576
314,tt0315733,21 Grams,7.6,239376,R,"['Crime', 'Drama', 'Thriller']",60466876,16290476,20000000,7.7,132094,7.5,42027,7.7,32037,7.5,38700,7.7,15435,7.6,158460,7.2,22,7.7,171954
315,tt0063288,Il medico della mutua,7.1,1587,,['Comedy'],,,,7.1,571,6.8,82,7.3,114,6.9,462,7.1,85,7.0,1038,,,7.1,1409
316,tt2582502,Fathers and Daughters,7.0,27337,R,['Drama'],5587709,3425236,22400000.0,7.0,10668,7.0,4531,7.3,7043,6.9,4654,7.3,3137,6.9,12774,7.0,4,7.0,21403
317,tt0114234,Rangeela,7.4,10040,Not Rated,"['Comedy', 'Drama', 'Musical', 'Romance']",,,,7.4,5446,7.4,1553,7.1,659,7.0,690,7.3,824,7.4,6742,1.0,1,7.4,7364
318,tt1392214,Prisoners,8.1,725986,R,"['Crime', 'Drama', 'Mystery', 'Thriller']",122126687,61002302,46000000,8.1,285135,8.2,136743,8.0,81413,7.8,62085,8.4,106924,8.1,407769,8.8,353,8.1,532578
319,tt0372183,The Bourne Supremacy,7.7,467950,PG-13,"['Action', 'Mystery', 'Thriller']",290835269,176241941,75000000,7.7,230563,7.8,107909,7.6,41284,7.7,67514,7.7,44846,7.7,316232,7.5,78,7.7,313440
320,tt3076658,Creed,7.6,278420,PG-13,"['Action', 'Drama', 'Sport']",173578883,109778883,35000000,7.5,111599,7.8,69346,7.5,18569,7.3,30039,7.9,38428,7.6,175579,7.9,93,7.5,194024
321,tt2555268,Maidentrip,7.5,3902,Not Rated,"['Documentary', 'Adventure', 'Biography']",68243,68243,,7.5,1947,7.5,1138,7.7,688,7.5,833,7.8,268,7.4,2456,,,7.5,2556
322,tt0488414,Omkara,8.1,21085,Not Rated,"['Action', 'Crime', 'Drama', 'Thriller']",16466144,14700000,25000000,8.1,11119,8.1,3079,7.9,1233,7.3,1198,8.1,2307,8.1,14376,5.5,2,8.0,15494
323,tt3344922,Hungry Hearts,6.4,5501,Unrated,"['Drama', 'Romance', 'Thriller']",549823,504464,,6.5,2377,6.4,1081,6.5,1707,6.3,1144,6.5,503,6.4,2476,5.0,1,6.4,4253
324,tt0457419,Mr. Magorium's Wonder Emporium,6.2,46454,G,"['Comedy', 'Family', 'Fantasy']",69474661,32061555,65000000.0,6.2,21871,6.2,13898,6.5,12213,6.2,8470,6.1,5259,6.0,24450,6.1,8,6.1,28627
325,tt0087469,Indiana Jones and the Temple of Doom,7.5,494306,PG,"['Action', 'Adventure']",333107271,179870271,28000000,7.5,208441,7.5,138863,7.5,43812,7.5,81478,7.4,45753,7.5,308318,7.4,200,7.5,303402
326,tt5052448,Get Out,7.7,622349,R,"['Horror', 'Mystery', 'Thriller']",255745157,176196665,4500000,7.7,205205,8.0,168475,7.7,77496,7.4,54127,8.0,93225,7.7,305675,8.2,357,7.7,438044
327,tt0084805,Tootsie,7.4,109008,PG,"['Comedy', 'Drama', 'Romance']",177200271,177200000,21000000,7.4,40828,7.6,36094,7.6,19476,7.5,32824,7.6,6289,7.4,62530,7.7,19,7.3,60170
328,tt0211934,Baadshah,6.8,18901,,"['Action', 'Comedy', 'Crime', 'Romance', 'Thriller']",660216,660216,,6.5,8324,6.8,1935,6.4,1057,5.9,2377,7.3,2836,6.7,13135,8.3,6,6.8,14795
329,tt0383028,"Synecdoche, New York",7.5,93282,R,['Drama'],4658401,3083538,20000000,7.4,44659,7.7,26565,7.2,10181,6.8,12464,8.1,11484,7.4,60448,9.0,41,7.4,61143
330,tt1104001,TRON: Legacy,6.8,341310,PG,"['Action', 'Adventure', 'Sci-Fi']",400063852,172062763,170000000,6.8,179926,6.9,82951,6.7,35224,6.6,45911,6.8,38050,6.8,238226,6.6,56,6.7,227026
331,tt2848292,Pitch Perfect 2,6.4,160111,PG-13,"['Comedy', 'Music']",287144079,184296230,29000000,6.3,59740,6.5,45221,6.6,45098,6.2,13659,6.6,28813,6.2,64845,6.5,67,6.3,101983
332,tt0937375,This Christmas,6.3,9866,PG-13,"['Comedy', 'Drama', 'Romance']",49778552,49121934,13000000,6.2,4691,6.6,5379,6.8,3135,6.2,1920,6.7,745,5.9,4532,,,6.0,3568
333,tt1229822,Jane Eyre,7.3,89529,PG-13,"['Drama', 'Romance']",34710627,11242660,30000000,7.3,43845,7.4,19824,7.6,41515,7.3,12900,7.4,11207,7.1,28758,7.8,12,7.2,62391
334,tt0090060,St. Elmo's Fire,6.3,43433,R,"['Drama', 'Romance']",37803872,37803872,10000000.0,6.2,13676,6.3,19061,6.7,10247,6.4,15552,6.6,2010,6.2,21985,6.9,9,6.3,19431
335,tt0105415,Singles,6.7,30911,PG-13,"['Comedy', 'Drama', 'Music', 'Romance']",18471850,18471850,,6.7,11151,6.8,11631,6.9,5723,6.7,10542,6.7,1044,6.7,17508,8.2,5,6.7,14858
336,tt0109830,Forrest Gump,8.8,2094033,PG-13,"['Drama', 'Romance']",678226465,330455270,55000000,8.9,792405,8.8,471339,8.7,282196,8.5,216260,8.9,261667,8.8,1078776,8.8,1045,8.8,1329401
337,tt0070350,The Mack,6.5,3087,R,"['Crime', 'Drama']",15119639.0,,250000.0,6.6,1159,6.8,1844,6.9,247,6.4,1065,6.9,111,6.5,2142,,,6.2,928
338,tt0248845,Hedwig and the Angry Inch,7.7,36169,R,"['Comedy', 'Drama', 'Music', 'Musical']",3660081,3082286,6000000.0,7.7,16755,7.9,14007,8.0,9194,7.6,9288,7.9,1717,7.6,18900,7.9,6,7.6,17339
339,tt0182789,Bicentennial Man,6.9,119358,PG,"['Drama', 'Sci-Fi']",87423861,58223861,100000000,6.9,60833,6.7,27462,7.1,18374,6.8,20166,7.2,8788,6.9,74649,8.4,8,7.0,79243
340,tt0458413,A Long Way Down,6.3,33802,R,"['Comedy', 'Drama']",7257942,2688643,12000000.0,6.3,15988,6.4,5259,6.6,8520,6.2,5614,6.6,4209,6.2,18526,,,6.3,26574
341,tt0120591,Armageddon,6.7,430824,PG-13,"['Action', 'Adventure', 'Sci-Fi', 'Thriller']",553709788,201578182,140000000,6.7,217710,6.7,108740,7.0,51340,6.4,69767,6.7,27061,6.6,275577,6.8,52,6.7,270804
342,tt0113097,Forget Paris,6.5,12630,PG-13,"['Comedy', 'Romance']",33177694,33177694,5000000,6.5,4274,6.4,5182,6.6,1846,6.4,4636,6.5,225,6.5,7436,8.0,2,6.5,5330
343,tt0277434,We Were Soldiers,7.1,144441,R,"['Action', 'Drama', 'History', 'War']",115374915,78122718,75000000,7.0,67450,7.5,41943,7.1,7383,7.2,29030,7.4,8039,7.1,101321,7.6,10,7.0,86463
344,tt0120616,The Mummy,7.1,435814,PG-13,"['Action', 'Adventure', 'Fantasy']",415933406,155385488,80000000,7.0,212205,7.3,112686,7.4,62041,7.0,60177,7.1,42913,7.0,266213,7.4,63,7.0,272659
345,tt0102797,Robin Hood,5.7,5420,TV-14,"['Action', 'Adventure', 'Drama', 'Romance']",117615211.0,,15000000.0,5.6,1782,6.0,1202,5.8,545,5.8,2158,5.5,110,5.7,3577,7.0,1,5.6,3568
346,tt2820852,Furious 7,7.1,393954,PG-13,"['Action', 'Crime', 'Thriller']",1515341399,390910000,190000000,7.0,153208,7.2,74057,7.6,36399,6.8,29461,7.4,70106,7.0,239181,7.6,149,7.0,268868
347,tt0076759,Star Wars,8.6,1372735,PG,"['Action', 'Adventure', 'Fantasy', 'Sci-Fi']",775398007,460998507,11000000,8.5,528861,8.8,373105,8.4,130942,8.8,204884,8.5,142453,8.6,796980,8.5,675,8.5,801151
348,tt1392170,The Hunger Games,7.2,925841,PG-13,"['Action', 'Adventure', 'Sci-Fi', 'Thriller']",694394724,408010692,78000000,7.1,398890,7.4,209804,7.8,191703,7.0,94545,7.5,147543,7.0,493121,7.4,337,7.1,588485
349,tt1840309,Divergent,6.6,465440,PG-13,"['Action', 'Adventure', 'Mystery', 'Sci-Fi']",288885818,150947895,85000000,6.5,179823,6.7,94834,7.3,104105,6.5,47955,6.9,79361,6.4,228559,6.2,140,6.6,309562
350,tt1155076,The Karate Kid,6.2,188623,PG,"['Action', 'Drama', 'Family', 'Sport']",359126022,176591618,40000000,6.2,81755,6.2,41533,6.6,22894,6.0,19496,6.4,30280,6.1,115242,7.0,177,6.2,132580
351,tt2083355,The Best Man Holiday,6.6,16286,R,"['Comedy', 'Drama']",72835710,70525195,17000000,6.5,6648,7.1,6831,7.1,4963,6.4,3155,6.9,1237,6.3,7058,,,6.2,6762
352,tt0120338,Titanic,7.9,1186327,PG-13,"['Drama', 'Romance']",2194690964,659363944,200000000,7.9,491159,7.9,266086,8.2,215887,7.6,126212,8.1,153314,7.8,595920,8.3,555,7.9,758167
353,tt0325710,The Last Samurai,7.8,446007,R,"['Action', 'Drama']",454627263,119268595,140000000,7.7,221841,7.8,95329,7.6,38814,7.5,58598,8.0,40248,7.8,295805,7.9,62,7.7,303665
354,tt2872518,The Shack,6.2,36963,PG-13,"['Drama', 'Fantasy']",96942115,57386418,20000000.0,6.1,12314,6.7,11981,6.6,7917,6.2,7758,6.3,3243,6.0,17801,5.3,12,6.0,23394
355,tt3659388,The Martian,8.0,863256,PG-13,"['Adventure', 'Drama', 'Sci-Fi']",630620818,228433663,108000000,7.9,319453,8.1,181630,8.0,96159,7.9,88458,8.1,120243,8.0,477793,8.0,410,7.9,618611
356,tt1876451,Sparkle,5.7,6474,PG-13,"['Drama', 'Music']",24637800,24397469,14000000,5.6,2660,5.9,2661,6.0,2485,5.7,1820,6.0,546,5.5,2840,,,5.6,2924
357,tt0119738,My Best Friend's Wedding,6.3,145602,PG-13,"['Comedy', 'Drama', 'Romance']",299288605,127120029,38000000,6.3,66147,6.5,38307,6.6,50082,6.4,26810,6.4,9903,6.2,56350,5.5,22,6.3,90268
358,tt0090110,Sweet Dreams,7.0,4993,PG-13,"['Biography', 'Drama', 'Music']",9085049,9085049,,6.9,999,7.2,2783,7.5,1176,7.1,2497,7.0,114,6.9,2543,10.0,1,6.9,1579
359,tt0079522,Manhattan,7.8,141757,R,"['Comedy', 'Drama', 'Romance']",40194067,39946780,9000000.0,7.8,64600,7.9,35520,7.7,21068,7.9,29432,7.9,12930,7.9,88564,7.1,28,7.8,90855
360,tt1126590,Big Eyes,7.0,94935,PG-13,"['Biography', 'Crime', 'Drama', 'Romance']",29253166,14482031,10000000.0,6.9,41908,7.0,20738,7.1,23647,6.9,13950,7.1,12588,6.9,48399,7.1,20,6.9,69610
